rating,date,review,review_length,review_z,keywords
8,2019-05-30,누군가 살다 냄새 얼굴 찌푸리다,34,-0.14085616791159228,살다 냄새
10,2019-05-30,누군가 잃다 모든 재산 잃다 어마어마하다 홍수 가누다 미세먼지 해주다 집의 정원 운치 만들다 장치,85,1.179680204267926,모든 만들다
10,2019-05-30,시나리오 연출 배우 좋다 소름끼치다,28,-0.2962133881680062,연출 배우 좋다
10,2019-05-30,인터폰 이정은 등장 순간 장르 바뀌다,26,-0.3479991282534775,이정은 장르
10,2019-05-30,조적 웃음 눈물 나다 영화 끝나다 이어지다 씁쓸하다 뒷맛,39,-0.011391817697914032,나다 씁쓸하다 끝나다 영화
10,2019-05-31,특별하다 미워하다 증오 악인 명도 더욱 답답하다 우울하다 영화 세상 불평등 자체 인간 본성 의하다 숙명 이라고,87,1.231465944353397,영화
10,2019-05-30,필요없다 영화 한번 보다 야하다 영화 이다 조여정 개인 크게 한껀,61,0.5582513232422702,야하다 한번 영화 이다 보다
10,2019-05-30,금방 보고 나오다 봉준호 감독 영화 인데 박찬욱 감독 영화 보다 느낌 이지 어쨌든 최고다 봉드 역시 천재 이정은 연기상 주다 야하다 진짜,79,1.024322984011512,감독 이정은 역시 야하다 주다
10,2019-05-30,충격 공포 절대 스포 당하다 말다,20,-0.5033563485098914,충격
10,2019-05-31,영화 끝나다 돌아오다 지하철 타고,26,-0.3479991282534775,지하철 끝나다 영화
10,2019-06-01,관객 박사 계층 기택 반지하 계층 에도 들다 안도 보다 낮다 계층 냄새 나다 깔보다 얼굴 가지다 영화 정말 훌륭하다,133,2.4225379663192372,반지하 나다 냄새 들다 정말
10,2019-05-30,플랜 계획 인생 계획 안되다 오다 닿다,33,-0.16674903795432794,계획 오다
9,2019-05-30,인정 싫다 현대 계급 조명,23,-0.42567773838168443,
10,2019-06-01,가지다 예의 라는 거리 두기 경멸 두려움 가지다 대한 존경 이라는 다가가다 비아 질투 계층 불쾌하다 술래잡기,104,1.6716447350799033,라는 불쾌하다
10,2019-05-31,마지막 기우 아버지 계획 세우다 대사 오래도록 여운 계획 없이 살다 아버지 식구 나름 나은 미래 계획 기우 시대 초상 적나라 하고도 세련되다 담다 역작 감사히 자다 보다,140,2.6037880566183866,계획 없이 마지막 여운 살다
9,2019-05-30,보다 내내 제목 너무 자다 지다 들다 좋다 영화,35,-0.11496329786885663,내내 들다 자다 좋다 너무
8,2019-05-30,데이 15 19 걸다,17,-0.5810349586380983,19 15
10,2019-05-30,조조 관람 내내 가슴 아프다 현실 너무 어렵다 질문 던지다 감독,50,0.2734297527721781,내내 관람 현실 감독 너무
10,2019-05-30,기분 나쁘다 영화,11,-0.7363921788945123,나쁘다 기분 영화
8,2019-05-30,영화 보고 나서다 기생충 인가 재미 보다는 씁쓸하다 기분,36,-0.08907042782612098,씁쓸하다 재미 기생충 보고 기분
10,2019-05-30,그렇다 계획 세우다 만들다 영화,19,-0.5292492185526271,계획 그렇다 만들다 영화
6,2019-05-31,영화제 충격 좋아하다 재밌다 신선하다 설국열차 못지않다 가슴 많이 짓누르다 빈부격차 대한 표현 너무 우울하다 극단 이라 불편하다,88,1.2573588143961327,표현 이라 많이 충격 불편하다
1,2019-07-15,계급 현실 반영 영화 라고 충분하다 상황 무력하다 걱정 지내다 사기 수로 편안하다 한몫 챙기다 아무 잘못 가정 파괴 버리다 가정 모습 하층 모습 대변,139,2.577895186575651,현실 영화
10,2019-05-30,뭔가 처음 보다 선물 상자 지도 멋지다 물건 계속계속 짜다 짜다 나오다 느낌 끄다 그냥 나오다 보다 진짜 오다,91,1.3350374245243397,나오다 끄다 뭔가 오다 진짜
10,2019-05-30,정말 충격 영화 정말 장르 봉준호 라는 딱이다,34,-0.14085616791159228,정말 장르 라는 충격 봉준호
10,2019-05-30,오묘하다 영화 19 관람 이여 야하다,21,-0.47746347846715576,야하다 19 관람 영화
10,2019-05-30,받다 영화 가볍다 오락 영화,44,0.11807253251576422,받다 영화
6,2019-06-02,등급 조정 진짜 필요하다 보임,13,-0.6846064388090409,등급 진짜
10,2019-05-31,정물 역류 변기 뚜껑 위로 누르다 앉다 담배 찾다 피우다 소담 표정 내내 잊혀지다,56,0.42878697302859203,내내
2,2019-06-04,야하다 장면 잔인하다 장면 많다 19 가요 15 이란,50,0.2734297527721781,장면 야하다 잔인하다 19 많다
9,2019-05-30,칸느 들어주다 충분하다 이해 영화 작년 가족 보다 춸씬 메시지 퀄리티 연출 출중하다 봉준호 감독 펼치다 봉준호 감독 만의 스타일 이라 반전 좋다 특히 여운 오래 남아 가슴 먹다 먹다 코믹,138,2.5520023165329153,봉준호 감독 이해 연출 이라
8,2019-06-06,등급 정이 필요하다 15 마약 19 흉기 넘다 자극 이다,45,0.14396540255849988,넘다 등급 19 15 이다
8,2019-06-06,보다 씻다 싶다 충격 이야기 잃다 청소년 관람 가다 조정 필요하다 보이다,63,0.6100370633277415,이야기 싶다 충격 관람 가다
10,2019-06-15,피자 박스 행복하다,16,-0.606927828680834,
1,2019-06-05,등급 정이 필요하다 말로 형용 불쾌하다 남다 영화,34,-0.14085616791159228,등급 남다 불쾌하다 영화
6,2019-07-01,봉준호 선민의식 잔뜩 들어가다 영화 조부 부모 대대로 금수 감독 가난 우아하다 희화 조롱 영화,66,0.6877156734559485,봉준호 영화 감독
2,2019-06-09,그냥 가난하다 범죄 저지르다 영화 인데 빈부격차 자다 이해 힘들다 장면 서로 결부 이해 그냥 영화 보다 내내 불쾌하다 라던가 슬픔 라던가 신기하다 느껴지다 그냥 이상하다,127,2.2671807460628233,그냥 이해 불쾌하다 내내 장면
10,2022-06-03,부모님 이랑 보기 힘들다,16,-0.606927828680834,보기
2,2019-06-06,보다 기뷴 안좋다 가난 표현,32,-0.19264190799706357,표현 보다
2,2019-06-02,노력 속이다 가난하다 그려지다 싫다 실제 로는 부자 그렇다 이다 가난하다 열심히 노력 행복하다 살다 많다 그렇다 영화 주인공 이다 그렇다 의미 주다 보기 아깝다,139,2.577895186575651,그렇다 이다 부자 주다 살다
8,2019-05-31,이건 19 세다 아들 보다 크다 날뻔,18,-0.5551420885953627,크다 19 보다
7,2019-06-19,냄새 달다 때때로 가난하다 보다 크다 분노 일으키다,36,-0.08907042782612098,크다 냄새 보다
10,2019-05-30,한치 희망 영화 현실 녹다 들다,25,-0.3738919982962131,들다 현실 영화
1,2019-06-07,계급 대한 불편하다 민폐 가족 보기 짜증나다 뛰다 치다 나가다 싶다 절대 절대 번은 보기 싫다 영화,56,0.42878697302859203,보기 가족 싶다 불편하다 영화
10,2020-03-12,티피 부자 악인 좋다,27,-0.32210625821074185,부자 좋다
8,2019-05-30,감독 박찬욱 냄새 나다,18,-0.5551420885953627,나다 냄새 감독
2,2019-06-02,기분 나빠지다 영화 우울하다 영화,20,-0.5033563485098914,영화 기분
10,2019-05-30,이제껏 쌓다 오다 봉준호 감독 폭발 영화,32,-0.19264190799706357,오다 봉준호 감독 영화
10,2020-10-03,빈부격차 대한 현실 차다 슬프다,19,-0.5292492185526271,슬프다 현실
10,2020-03-04,빈곤 도시 빈민 얼굴 가난 수중 상태 로만 이해 가난 이란 나은 준비 의지 박탈 상태,82,1.102001594139719,이해
1,2019-06-02,별로 이다 취향 이아 잔인하다 찌다 찌다 불쾌,21,-0.47746347846715576,19 기대 장면 보다
1,2019-06-02,19 걸다 민망하다 장면 기대 보다,42,0.06628679243029292,작품
6,2019-06-23,작품 인가,20,-0.5033563485098914,별로
6,2019-06-04,별로 습니,11,-0.7363921788945123,
10,2021-05-11,필요하다 명작,16,-0.606927828680834,부자 나쁘다 기분 보다 영화
2,2019-06-17,보다 기분 나쁘다 영화 멀쩡하다 부자 망치다,28,-0.2962133881680062,이고 나쁘다 기분
1,2019-05-31,기분 나쁘다 비현실적 이고 쓸데없이 잔인함,23,-0.42567773838168443,만들다 너무 이다 보다 영화
1,2019-06-02,보다 영화 최악 이다 작위 만들다 빈자 너무 인공 여서 감정이입 안되엇음,49,0.24753688272944246,보다 영화
10,2019-05-30,조조 보다 하루 종일 영화 생각나다,20,-0.5033563485098914,계속 불편하다 봉준호 감독 보다
10,2019-05-30,웃다 중간 긴장 늦추다 불편하다 부분 보다 계속 생각나다 엄청 대중 영화 봉준호 감독 장기 수능 펼쳐지다 댓글 스포일러 말다,116,1.982359175592731,그냥 봉준호 영화
7,2019-06-05,그냥 봉준호 영화 수상하다 훌륭하다 수도,38,-0.037284687740649684,남다 찝찝하다 보다 영화
1,2019-06-03,보다 보다 찝찝하다 남다 영화,15,-0.6328206987235696,영화
6,2019-06-11,과유 불급 은혜 원수 갚다 가난하다 이미지 좋아지다 영화 가난하다 상종 싫어지다,72,0.8430728937123624,
8,2020-03-23,심장 쫄깃해 죽다,14,-0.6587135687663053,보다 가족 나쁘다 재미 받다
2,2019-06-02,재미 보다 기분 나쁘다 영화 가족 끼리 연인 보다 추천 다운 받다 보다,55,0.4028941029858564,등급 15 관람
2,2019-06-05,15 관람 등급 놀람,14,-0.6587135687663053,최고 영화
10,2020-08-23,최고 영화 예고편 아무 설명,28,-0.2962133881680062,내용 19 관람 이다
3,2019-06-05,내용 흐름 맥락 19 관람 이다,24,-0.3997848683389488,주다 불쾌하다 되어다 싶다 영화
1,2019-06-10,영화 분위기 서사 불쾌하다 감정 주다 경이 로운 불쾌하다 기억 싶다 향기 주다 이렇다 감정 사다 되어다 후회 스럽다,79,1.024322984011512,기분 영화
8,2019-06-08,기분 더럽다 영화,23,-0.42567773838168443,15 재밌다 보다
8,2019-05-30,15 보다는 수위 보다 긴장도 재밌다,33,-0.16674903795432794,마음 재밌다 보다
10,2019-05-30,보다 재밌다 마음 구석 답답하다,24,-0.3997848683389488,크다 보여주다 내용 작품 감독
10,2019-05-30,지극히 우리나라 내용 담다 보여주다 크다 감독 작품,38,-0.037284687740649684,나오다 좋다 이야기 느끼다 배우
2,2019-06-11,보고 나오다 감정 불안하다 안좋다 기분 더럽다 두운 이야기 만들다 어리다 보다 좋다 그냥 현실 잔인함 나오다 따뜻하다 영화 감상 인생 희망 느끼다 만듭니 배우 연기력 좋다,132,2.3966450962765014,
6,2019-05-30,이상은,19,-0.5292492185526271,가족 되어다 반지하 표현 그렇다
7,2019-06-05,빈곤 가난하다 삶속 살아가다 위해 범죄 수반 되어다 정당화 그렇다 기생충 표현 기분 좋다 영화 반지하 삶속 가족 라면 주인공 가족 선택,131,2.370752226233766,등급 이다
1,2019-06-04,개인 비추다 이다 등급 정이 필요하다,33,-0.16674903795432794,봉준호 영화
1,2019-06-16,상황 몰두하다 봉준호 라이 영화,29,-0.2703205181252705,잔인하다 19 너무
10,2019-06-01,너무 잔인하다 19 세로 올리다,29,-0.2703205181252705,
9,2020-02-19,처절하다 가지다 악의,27,-0.32210625821074185,내내 보다 불편하다 감독
3,2019-06-17,기대다 마케팅 서다 보다 감독 의도 곳곳 보이다 보다 내내 불편하다,46,0.1698582726012355,그렇다 끝나다 보다 영화
2,2019-06-06,블랙코미디 한계 양극화 벌어지다 지점 충분하다 고민 고민 흔적 보다 그렇다 그렇다 끝나다 영화,100,1.5680732549089607,끄다
2,2019-06-05,의도 는바 대체 끄다 아깝다,24,-0.3997848683389488,가족
7,2019-05-31,가족 이랑은 보지 말다,11,-0.7363921788945123,진짜 내내 많다 관람 보다
10,2019-06-01,롯데 시네마 신림 201961 12시 35분 커플 여성 영화 상영 내내 중계 해주다 덕분 놓치다 대사도 많다 집중 관람 힘들다 도대체 정신 인가요 드라마 보다 닥치다 진짜 돌다 버리다,137,2.52610944649018,나다 현실
8,2020-06-02,돋보기 현실 들여다보다 점점 들어가다 나다,36,-0.08907042782612098,주다 영화
1,2019-06-08,불쾌감 만을 주다 영화,12,-0.7104993088517766,불쾌하다 모르다
9,2020-03-05,왠지 모르다 불쾌하다,10,-0.7622850489372479,
9,2019-10-23,가난 혐오 담다,12,-0.7104993088517766,보다
10,2019-06-10,박서준 보다,15,-0.6328206987235696,별로 재미 정말 이다
1,2019-06-09,별로 이다 정말 재미,22,-0.4515706084244201,영화 역시 라는 싶다 보다
1,2019-06-04,영화 보다 나가다 역시 보다 싶다 영화 평점 리뷰 보고 선택 영화 낭비 에너지 낭비 라는 새삼 깨닫다 영화 현실 힘들다 영화 행복 찾다 에게는 아프다 아프다 영화,135,2.4743237064047086,황금종려상
1,2019-06-02,황금종려상 이라고 만이천원 아깝다,28,-0.2962133881680062,반지하 알다 냄새
10,2020-03-09,반지하 냄새 벗어나다 오래되다 아직도 알다,28,-0.2962133881680062,대단하다 황금종려상 배우 받다
2,2019-06-02,관람객 황금종려상 어떻다 받다 건지다 의문 배우 연기력 대단하다 거품 이쁘다,67,0.7136085434986842,등급 잔인하다 찝찝하다 가다 기분
2,2019-06-03,등급 정이 매우 시급하다 잔인하다 보다 가다 기분 찝찝하다 돌다,50,0.2734297527721781,진짜 불쾌하다 15 모르다 이다
4,2019-06-04,영화 보다 불쾌하다 처음 이다 15 인지 모르다 겠다 진짜 청불 달다 모자,52,0.32521549285764945,진짜
1,2019-06-08,진짜,11,-0.7363921788945123,보기 장면 불편하다 좋다
7,2019-05-31,소재 좋다 일반인 관객 보기 불편하다 장면,41,0.04039392238755727,보여주다 라는 영화
1,2019-06-04,계층 대비 보여주다 어쩌 라는 건지다 재미없다 답답하다 영화 어디가 빵터지다,49,0.24753688272944246,별로 기대 가다 보다
6,2019-06-14,기대 보다 별로 공감 가다 억지스럽다,23,-0.42567773838168443,스토리 연기 대단하다 송강호 모든
10,2020-03-27,첨부 긴장 놓다 몰입 가다 보다 조여정 너무 이뻣 송강호 연기 이미 검증 돼다 모든 조연 배우 멋지다 연기 좋다 이렇다 스토리 만들다 감독 대단하다 스토리 텔러 분명하다,127,2.2671807460628233,이다
1,2019-06-27,노잼 이다 범죄자 범죄자 키우다,21,-0.47746347846715576,계속 찝찝하다 영화
10,2019-06-15,간간히 웃다 보다 영화 계속 마음 무겁다 반지하 지하 표현 자본주의 계급 에게나 공평하다 알다 자연인 햇볕 공평하다,100,1.5680732549089607,무섭다 보다 영화
6,2019-06-02,찝찝하다 계속 머물다 영화,14,-0.6587135687663053,
10,2020-03-06,공포영화 보다 무섭다 영화,13,-0.6846064388090409,주다 알다
10,2020-03-12,올라가다 존재 내려가다 존재,26,-0.3479991282534775,
4,2019-06-05,스타일 딱하다 문학 소재 원한 추구 문학 영역 메세지 주다 알다 굳이,88,1.2573588143961327,받다 재미 알다 보다 충격
10,2019-06-02,계단 내려가다 하염없이 내려가다 내려가다 갈수,38,-0.037284687740649684,쓰다 불쾌하다 자다 영화
8,2020-03-06,영화 어떻다 15 관람 판정 받다 걸다 떠나다 인상 이다 자다 보다 충격 커서 재미 보다 어리다 받다 열광하다 알다,110,1.827001955336317,넘다 장면 15 영화
2,2019-06-12,영화 19 보다 내내 불편하다 영화관 좌석 초등생 남매 나오다 장면 보다,63,0.6100370633277415,모든 이다 영화
1,2019-05-30,불쾌하다 냉소 시선 갖다 영화 세상 쓰다 자다 시선 선사 영화,53,0.35110836290038505,등급 이라 가족 오다 불쾌하다
8,2019-06-03,몇몇 장면 영화 흐르다 실감 15 넘다 살짝 감당 어렵다 영화,54,0.3770012329431207,진짜
10,2020-03-19,모든 완벽하다 영화 이다,14,-0.6587135687663053,보다 기분
2,2019-06-02,가족 이랑 보다 상당하다 불쾌하다 15 등급 이라 헐다 민망하다 장면 자세하다 묘사 필요 머리 내다 찍다 십원 짜다 다나 오다 학생 보고 날다,122,2.1377163958491447,불쾌하다 기분
1,2019-06-05,뭥미 진짜 영화평론가,19,-0.5292492185526271,뭔가 나오다 찝찝하다 가다 이다
9,2019-06-03,보다 하루 종일 기분 우울하다 많아지다 아침 말고 하루 보다,45,0.14396540255849988,지루하다 재밌다
8,2019-06-13,멀다 기분 불쾌하다,17,-0.5810349586380983,불쾌하다
8,2019-06-05,기대하다 가다 나오다 뭔가 무겁다 찝찝하다 느껴지다 영화 이다,37,-0.06317755778338534,이정은 알다 배우
6,2019-06-04,지루하다 재밌다,26,-0.3479991282534775,모르다 불편하다 맞다 여운 느낌
2,2019-07-13,불쾌하다 짜증나다,13,-0.6846064388090409,배우 작품 받다 모르다 너무
1,2019-06-03,주제 의식 알다 이정은 배우,41,0.04039392238755727,기생충 영화 이고 표현 모든
7,2019-06-12,대세 따르다 보다 야하다 숙제 처럼 보다 몰입 마지막 여운 개운하다 기분 좋다,71,0.8171800236696267,주다 씁쓸하다 받다 보다
6,2019-06-09,개인 느낌 으론 초반 1시간 그냥 보다 후반 1시간 왠지 모르다 보다 내내 불편하다 모르다 불편하다 불쾌하다 강렬하다 여운 에게는 맞다 영화,105,1.697537605122639,진짜 너무
7,2019-06-09,글쎄 받다 작품 지는 모르다 관점 독특하다 배우 연기력 평범하다 기억 오래 명작 거리 멀다 너무 기대하다 보다,86,1.2055730743106616,많다 재밌다 영화
9,2020-05-06,지금껏 보다 영화 제목 가장 함춤 획기 자다 표현 영화 제목 기생충 이란 제목 하나로 모든 정리 바쁘다 일상 이리 이고 저리 여서 세뇌 열심히 살기 영화 기생충 관람 잊다 시대 또는 문제점 절실 깨우다 줍다,166,3.2770026777295134,살다
6,2019-06-26,주다 스트레스 받다 보다 씁쓸하다 비참하다,41,0.04039392238755727,지루하다 기대
4,2019-06-11,진짜 너무 재미없다,10,-0.7622850489372479,끝나다 영화
10,2020-03-12,재밌다 많다 영화,22,-0.4515706084244201,이정은 최고 배우 연기 보다
8,2019-06-04,살다,27,-0.32210625821074185,무섭다 너무
1,2019-06-14,기대하다 완전 실망 개연 상당하다 떨어지다 우연 기대 전개 지루하다 아저씨 주무시다,64,0.6359299333704772,대단하다 이정은 오다 느낌 찝찝하다
10,2019-05-31,영화 끝나다 깊다 탄식 한참 일어나다,28,-0.2962133881680062,영화 처럼 슬프다 느끼다 작품
10,2019-05-31,배우 보다 가정부 이정은 연기 최고,26,-0.3479991282534775,별로 이다 보다
10,2019-06-10,으잉 지하 사시 아저씨 너무 무섭다,29,-0.2703205181252705,
8,2020-02-14,들다 연기력 으론 비교 기묘하다 찝찝하다 감정 불러일으키다 이정은 배우 덕분 이라고 까진 보다 무덥다 유머 전개 이다 오다 인터폰 누르다 시작 느낌 정말 대단하다,143,2.6814666667465934,현실
6,2019-06-04,봉준호 감독 영화 결말 너무 싫다 영화 자체 로서 재밌다 작품 모르다 기택 입장 살아가다 무정하다 현실 안주 살라 의미 처럼 느껴지다 슬프다 좌절 느끼다 저서 이제 영화 보다,132,2.3966450962765014,
6,2019-06-13,보다 별로 이다,12,-0.7104993088517766,나다 그렇다 느끼다 이다 모르다
4,2019-06-03,대치 이하 여서 실망하다,14,-0.6587135687663053,나쁘다 기분 이다 영화
9,2020-05-20,상상 현실 현실 상상,18,-0.5551420885953627,싶다 보고 영화
1,2019-06-08,이하 기대다 기대다 기대다 기대다 기대다,24,-0.3997848683389488,처럼
8,2025-02-10,지나 니까 감상 다르다 첫인상 재밌다 오락 영화 이다 눈물 나다 살다 자꾸만 느끼다 생일 번개 갑자기 모이다 하나같이 엄청 쿨하다 멋있다 자연스럽다 어울리다 묻다 기우 맑다 끄덕이다 다혜 어떻다 종류 맑음 이나 순수하다 정말 이지 특권 이다 세상 냄새 나다 더럽다 굴곡 모르다 맑음 영원하다 모르다 영원하다 그렇다 특권 구김 순수하다 만들다 반대 가난하다 자꾸만 음침하다 그렇다 싶다 그늘 지다 도저히 수가 따다 예술 많다 영화감독 이렇다 그늘 어떻다 다루다 고맙다 봉사 장님 스펙 외치다 살아가다 자꾸 느끼다 인간 태어나다 벌레 태어나다 드리워지다 그늘 너무 짙다 얼굴 보다 그늘 나다 좋다 소용 기분 들다 영화 보고 눈물 흘리다 이다 출발 수가 벌레 태어나다 벌레 죽다 영화 주다 메세지 그렇다 연민 거두다 노력 라고 노력 노력 노력,650,15.809151778413568,재미있다 보다
6,2019-06-06,기분 나쁘다 영화 이다,13,-0.6846064388090409,이라 보기 이다
10,2019-07-01,보고 싶다 보고 싶다 영화,24,-0.3997848683389488,
8,2019-06-16,기름 처럼 섞이다 신분 차이,24,-0.3997848683389488,기분 이해 라는 나쁘다 싶다
10,2022-07-17,명작 재미있다 보다,13,-0.6846064388090409,연출 표현 스토리
8,2019-05-31,해외 수상작 이라 평범하다 줄거리 이다 예상 미성년 이랑 보기 곤란하다,43,0.09217966247302857,맞다 잔인하다 영화
9,2019-06-02,뛰어다니다 피곤하다,20,-0.5033563485098914,라는 잔인하다 마음 오다 살다
9,2019-06-07,기분 나쁘다 영화 라는 이해 간다 재미있다 극장 뛰다 치다 나가다 싶다 기분 이다,46,0.1698582726012355,그렇다
10,2020-03-15,표현 스토리 연출 영상 OST 완벽,29,-0.2703205181252705,이정은 등급 남다 한번 장면
4,2019-06-12,하고는 맞다 영화 잔인하다,26,-0.3479991282534775,지루하다 작품
9,2019-06-01,면접 보고 오다 결과 기다리다 20 대다 중반 나좀 붙다 라는 마음 기분 전환 영화 보다 영화 너무 잔인하다 살다 인가,105,1.697537605122639,냄새 감독 영화
6,2020-01-05,그렇다,7,-0.8399636590654549,19 이다 영화
8,2019-06-07,가정 부역 맡다 이정은 배우 연기 기억 남다 한번 장면 보다 관람 등급 청소년 불가,67,0.7136085434986842,이야기 무섭다 라는 슬프다 재밌다
10,2019-06-21,수상작 지루하다 고정관념 버리다 작품,25,-0.3738919982962131,황금종려상 한번 그냥 받다
10,2019-06-19,자꾸자꾸 생각나다 영화 가난 냄새 분지 버리다 감독 감각,35,-0.11496329786885663,끝나다 가다 보다
7,2019-05-31,19 영화 이다,12,-0.7104993088517766,나오다 보다
9,2020-02-20,재밌다 슬프다 기도 무섭다 기도 이야기 이야기 라는,44,0.11807253251576422,배우 이정은
6,2019-06-07,황금종려상 받다 그냥 한번 한국영,31,-0.21853477803979923,보다 이라 19 내내 그냥
2,2019-06-07,궁금하다 보다 일부러 내다 가다 40분 지나다 지겹다 끝나다,60,0.5323584531995347,싶다 15 너무 영화
1,2019-06-13,여지 보다 재미없다 나오다 적다 처음,21,-0.47746347846715576,현실
8,2022-02-05,이정은 배우 조여정 배우 발견,19,-0.5292492185526271,이라 현실 너무 영화
10,2019-06-27,최근 보다 너무 충격 정인 영화 중간 까지는 그냥 보다 초인종 이후 부터는 보다 내내 린다 영화 19 이라 좋다,72,0.8430728937123624,나다 냄새 보다 영화
8,2019-06-02,15 영화 라고 전체 수위 너무 높다 싶다,35,-0.11496329786885663,들다
10,2019-06-14,까마득하다 계단 현실 이야,16,-0.606927828680834,봉준호
10,2019-06-08,위치 곱씹다 해보다 영화 너무 현실 이라 소름 돋다,35,-0.11496329786885663,영화
10,2019-05-31,영화 보다 나다 냄새 나다 궁금,26,-0.3479991282534775,19 관람
10,2024-06-19,들다 사장 목소리,22,-0.4515706084244201,내내 들다 보다
8,2019-07-17,봉준호 버프빼고펑점,15,-0.6328206987235696,쓰다 계속 들다 연기 만들다
4,2019-06-08,멀다 아쉽다 영화 호불호 잇다,15,-0.6328206987235696,기대 보다
6,2019-06-11,19 관람 가로 변경,17,-0.5810349586380983,라는 재미 들다 재미있다 이다
8,2019-06-09,보다 내내 초조하다 불쾌감 들다,21,-0.47746347846715576,예술 몰입 보기 재미있다 불편하다
10,2019-06-07,들다 훌륭하다 개인 조여정 연기 좋다 웃다 쓰다 쓰다 계속 생각나다 만들다 영화,51,0.2993226228149138,끄다 작품 감독
8,2019-06-02,기대 보다 실망 스럽다,19,-0.5292492185526271,끝나다 영화
10,2019-06-01,들다 재미있다 물어보다 재미 라는 단어 와는 어울리다 영화 이다,41,0.04039392238755727,슬프다 진짜
10,2019-06-02,공감 수치 중간 보기 불편하다 없어지다 영화 동시 재미있다 몰입 자다 만들어지다 영화 캐릭터 마다 좋다 지나치다 난해하다 황금 종려 예술 인정받다 상업성 영화인,140,2.6037880566183866,기대 영화
10,2020-03-06,감독 대체 어떠하다 는걸 끄다 신기하다 작품,36,-0.08907042782612098,기생충 모르다 보다
10,2019-06-02,영화 끝나다 때리다 영화,15,-0.6328206987235696,한번 끝나다 들다 보다 영화
10,2019-05-31,진짜 웃기 쫄리 슬프다 괴롭다,28,-0.2962133881680062,연출 스토리 야하다 이야기 진짜
6,2019-06-16,영화 기대 순간 망가지다,18,-0.5551420885953627,잔인하다 15 관람
10,2019-06-03,죽다 에서도 악취 찡그리다 보다 기생충 인지 모르다,43,0.09217966247302857,등급 19 싶다 너무 영화
10,2019-05-31,영화 끝나다 마자 이영화 한번 보다 들다,34,-0.14085616791159228,장르 이라 남다 씁쓸하다 장면
10,2019-05-30,감독 연출 스토리 배우 연기 자다 어우러지다 영화 칸영화제 수상 진짜 역사 보고 이야기 나누다 야하다,73,0.868965763755098,지루하다 영화
6,2019-06-08,15 관람 가라 잔인하다,19,-0.5292492185526271,좋다
6,2019-06-07,에겐 너무 어렵다 영화 등급 19 세로 싶다,33,-0.16674903795432794,냄새 보고 영화
9,2019-06-01,너무 현실 이라 보다 씁쓸하다 남다 영화 코미디 인지 공포영화 인지 장르 섞이다 웃기다 장면 크게 희극 비극 섞이다,84,1.1537873342251903,역시 황금종려상 받다 영화 보다
10,2019-06-08,영화제 수상한 영화 어렵다 지루하다 편견 깨다,28,-0.2962133881680062,많이 보다 영화
9,2019-07-17,이건 좋다 영환 좋다,19,-0.5292492185526271,기생충 자다 보다
10,2019-06-02,영화 보고 돌아가다 호선 냄새 역정 내다,34,-0.14085616791159228,끝나다 영화
9,2019-05-30,오랜 영화 다운 영화 보다 역시 황금종려상 받다 이유 괜히,46,0.1698582726012355,가족
10,2019-05-30,보다 많이 신선하다 영화,18,-0.5551420885953627,느끼다 오다 끝나다 내내 싶다
10,2019-06-03,올해 가장 자다 한일 기생충 스포 당하다 보다,24,-0.3997848683389488,계획 냄새 이다
9,2019-06-14,영화 끝나다 어떻다 분도 영화 얘기 침묵,38,-0.037284687740649684,보여주다 자다 영화
10,2019-09-25,끊임없다 계단 내려가다 가족 이미지,21,-0.47746347846715576,주다 자다 이고 가족 나쁘다
8,2019-06-02,보다 내내 긴장감 짓누르다 상영 끝나다 나니 머리 아프다 클라이맥스 치달 갈다 가슴 조여 오다 체력 딸리다 관람 에는 유쾌하다 즐겁다 뿌듯하다 감동 느끼다 싶다,110,1.827001955336317,넘다
10,2019-06-01,냄새 누군가 구별 판단 계획 계획 깊이 해보다 하루 이다,50,0.2734297527721781,나오다 영화
10,2019-05-30,감각 느껴지다 상징 죽다 상징 자다 보여주다 영화,33,-0.16674903795432794,기분 재밌다
1,2019-06-19,영화 어떻다 부분 관객 알다 싶다 자다 모르다 부모님 이랑 보다 너무 당황 스럽다 자다 살다 가족 잘못 보다 가난하다 나쁘다 인간 뽑다 주다 배신 이고 잘살다 보태 주다,139,2.577895186575651,15
10,2020-02-26,넘다 싫어하다 정작 끊임없다 넘다 싫어하다 자격 주어지다,60,0.5323584531995347,보기 15
10,2024-04-05,한국 이렇다 영화 나오다 감사,26,-0.3479991282534775,15 영화
10,2019-06-21,재밌다 기분 더럽다,17,-0.5810349586380983,등급 뭔가 이다 영화
10,2019-06-02,15 세다,13,-0.6846064388090409,없이 마지막 만들다
8,2019-06-02,15 보기 난해하다,17,-0.5810349586380983,기대 좋다
8,2019-06-02,15 동반 부모 입장 가능 영화,27,-0.32210625821074185,불편하다
7,2019-06-02,뭔가 찜찜하다 영화 이다 등급 정이 필요 해보다 방향,30,-0.2444276480825349,
9,2019-05-31,스스로 피해자 위치 한정시키다 저항 기제 없이 살아오다 만들다 계급 마지막 칼부림 한편 으로는 반갑다 느껴지다 역설,82,1.102001594139719,무섭다 쓰다 그렇다 만들다 현실
8,2019-06-03,참신하다 기대 에는 좋다,18,-0.5551420885953627,받다 이다
10,2019-06-03,불편하다 이중 치다 후유증 깊다,25,-0.3738919982962131,한번 최고 남다 보다 봉준호
10,2019-06-02,창문 인데 보이다 풍경 너무나 다르다 비참하다,31,-0.21853477803979923,
10,2020-02-18,초반 쓰다 슬하 서도 유쾌하다 중반 후반 갈다 수록 소름 돋다 무섭다 그렇다 만들다 현실 무섭다,69,0.7653942835841555,가다 현실 영화
10,2019-05-30,절대 스포 금지 스포 주지 받다 다가 웃다 끔찍하다 이다,44,0.11807253251576422,잔인하다 보다
10,2019-06-01,한눈 한번 안팔 집중 보다 근본 영화 단연 최고 나중 한번 보다 오래도록 기억 남다 봉준호 감독 축하 드리다,77,0.9725372439260407,끝나다 기분 재밌다 보다 영화
1,2019-06-06,솔직하다 재미없다 마약 이랑,18,-0.5551420885953627,19 보다
1,2019-06-02,좌파 영화 현실 싫다 배급 먹다 북한 싸다 가다 바라다,39,-0.011391817697914032,대단하다 라는 남다 여운 끝나다
10,2019-06-19,보다 잔인하다,11,-0.7363921788945123,19 재미있다
8,2019-06-02,볼땐 재밌다 보다 영화 끝나다 순간 기분 좋아지다,28,-0.2962133881680062,가족 보여주다 내용 씁쓸하다 보기
10,2019-06-01,19 세미 자녀 보다 따로 보다 추천 보수 건지다,37,-0.06317755778338534,받다 많다 황금종려상 기대
10,2024-03-02,빈부격차 라는 무겁다 주제 블랙코미디 풀다 내다 능력 대단하다 영화 끝나다 에도 길다 여운 남다,58,0.4805727131140633,기분 많이 찝찝하다 작품 불편하다
10,2019-06-18,재미있다 근데 19 걸다,25,-0.3738919982962131,많이 남다 기대 찝찝하다
6,2019-06-08,씁쓸하다 보여주다 보다 불편하다 이다 가족 내용 가족 끼리 보기 에는,54,0.3770012329431207,충격 재밌다
9,2019-07-21,황금종려상 받다 많다 기대 보다는 그다지 많다 감명 받다,57,0.4546798430713277,
6,2019-06-11,기분 찝찝하다 작품 성과 미장센 외로 많이 불편하다 기분 더러,40,0.014501052344821618,보다 가다 모르다
2,2019-06-06,기대 많이 런가 찝찝하다 영화로 남다,24,-0.3997848683389488,연기 보다
10,2019-06-05,충격 이기다 재밌다,17,-0.5810349586380983,모르다 자다
10,2019-06-09,기준 한국영,19,-0.5292492185526271,대단하다 기대 봉준호 감독 재밌다
2,2019-06-06,엄마 아무 모르다 보다 가다 중간 민망하다 음절 대가족 이랑 보다,50,0.2734297527721781,자다 재밌다 보다
10,2019-05-30,출연 연기자 연기 하나같이 덜덜 정상 연기 보다 만으로도 호강,50,0.2734297527721781,영화
6,2019-06-14,기대다 넣다 이상하다 쇼파 애무 설정 이나 자다 모르다,51,0.2993226228149138,많이 기대
10,2019-05-31,봉준호 천재 으로의 영화 기대 설국열차 보다 재밌다 참신하다 대단하다 감독 Great movie,66,0.6877156734559485,
10,2020-04-22,아주 재밌다 자다 보다,14,-0.6587135687663053,씁쓸하다 알다
10,2025-02-07,감히 평가 영화,19,-0.5292492185526271,맞다 19 정말 재미있다
6,2019-06-16,재다 기대 많이 지기 보다는,41,0.04039392238755727,19 좋다
6,2019-06-15,아쉽다 찌다 찌다,12,-0.7104993088517766,한번 나쁘다 그냥 영화
6,2019-06-03,자극 대화 알다 씁쓸하다 어쩔,29,-0.2703205181252705,뭔가 느낌 알다 싶다 찝찝하다
8,2019-05-31,19 맞다 사십분 정말 재미있다 취향 따르다 다르다,42,0.06628679243029292,많이 한번 재미 기대 작품
9,2019-07-09,좋다 19 감임,15,-0.6328206987235696,몰입 내용 알다 기생충
8,2019-06-30,나쁘다 그냥 한번 영화 기대하다 만큼은,37,-0.06317755778338534,장면
6,2019-06-19,싶다 알다 뭔가 찝찝하다 느낌,32,-0.19264190799706357,
8,2019-06-09,기대 많이 특별하다 좋다 작품 이란 한번 재미,48,0.22164401268670683,불편하다 영화
10,2019-06-01,와우 긴장감 고조 내용 어떻다 이어지다 알다 후반 가면 고조 몰입 미쳣네 기생충 지는 영화로 확인,84,1.1537873342251903,없이 이해 몰입 황금종려상 오다
8,2019-05-31,사소하다 장면 인데 의미 깊이,20,-0.5033563485098914,많다 보고 영화
10,2019-06-19,박서준 잘못 알바 자리 소개 넘치다 꿈꾸다,33,-0.16674903795432794,별로 그냥 받다 정말 이다
10,2019-06-14,아주 불편하다 영화 아주 섬세하다 영화,21,-0.47746347846715576,기대 너무
10,2019-06-01,역대 몰입 메시지 이끌다 동시 황금종려상 수상작 자막 없이 극장 걸리다 오다 우리말 만의 현실 비추다 빠지다 없이 이해 공감 작품 천만이 넘어가다 되돌아보다 필요,133,2.4225379663192372,그냥 모르다 자다 재밌다 영화
10,2020-02-20,보고 나서다 많다 영화,22,-0.4515706084244201,지루하다 나오다 싶다 보다
2,2019-06-28,정말 별로 이다 받다 그냥 보다,22,-0.4515706084244201,뭔가 재밌다 보다 많다 불편하다
4,2019-06-25,기대 너무 지기,28,-0.2962133881680062,지루하다 많이
6,2019-06-17,그냥 재밌다 자다 모르다 영화,30,-0.2444276480825349,이다 영화
6,2019-06-16,생가 보다 지루하다 나오다 싶다,17,-0.5810349586380983,처럼 불편하다 만들다 영화 보다
6,2019-06-09,재밌다 애매하다 그렇다고 재미없다 영화인 초반 확실하다 보다 재밌다 포인트 많다 웃기 기도 뭔가 착착 진행 괜찮다 갈수록 점점 보다 뭔가 불편하다 지기 시작 막장 인거,136,2.500216576447444,불쾌하다 보다 이다 영화
4,2019-06-08,많이 지루하다,14,-0.6587135687663053,나쁘다 싶다 보고 기분
2,2019-06-02,역겹다 영화 이다 혐오 일어나고 정신 받아들이다 힘드다,43,0.09217966247302857,주다 많다 관람
10,2019-09-22,영화 제목 처럼 보다 불편하다 만들다 영화 에요,36,-0.08907042782612098,계획 계속 장면 배우 봉준호
10,2019-09-12,보다 보다 불쾌하다 영화 이다,18,-0.5551420885953627,처럼 진짜 싶다 기생충 이다
10,2019-09-06,보고 싶다 기분 나쁘다,15,-0.6328206987235696,재밌다 보다
10,2019-08-25,관람 지다 이틀 끊다 주다 많다 화두 던지다,46,0.1698582726012355,무섭다 뭔가
8,2019-08-19,되게 우울함 우울증 걸리다,14,-0.6587135687663053,이다 영화
8,2019-06-16,아프다 계속 후벼파다 봉준호 감독 잔인함 계획 계획 이다 거부 느껴지다 대사 배우 행동 눈살 찌푸리다 모순 안쓰럽다 한숨 결말 장면,94,1.4127160346525467,나쁘다 찝찝하다 현실 기분
10,2019-06-14,진짜 제목 처럼 기생충 이다 싶다 영화,20,-0.5033563485098914,진짜 영화
10,2019-06-14,재밌다 근데 보다 찌다 찌다,17,-0.5810349586380983,되어다 오다 끝나다 받다 영화
8,2019-06-09,가정부 뭔가 분위기 무섭다,21,-0.47746347846715576,넘다 가족
10,2019-06-07,영화 이다,14,-0.6587135687663053,몰입 씁쓸하다 가다 모르다 불편하다
10,2019-06-06,기분 나쁘다 마주 현실 찝찝하다,21,-0.47746347846715576,
10,2019-06-03,가정부 등장씬 진짜 영화 시작,19,-0.5292492185526271,이라 현실 너무
10,2019-06-03,영화 끝나다 수석 받다 아들 오다 다그 수석 자꾸자꾸 달라붙다 떼다 돌덩 이란 이제 되어다,66,0.6877156734559485,계속 영화 이다
10,2019-06-02,꿀잼 인데 넘다 무섭쨔냐 가족 이랑 보지 말다 민망하다 험담 밉다,52,0.32521549285764945,많이 기대 너무
10,2019-06-01,재밌다 씁쓸하다 불편하다 가다 모르다 몰입 보다 영화,39,-0.011391817697914032,마음 현실
10,2019-06-01,너무나도 아프다 직유법 받아들이다 힘들다 어쩌나,27,-0.32210625821074185,봉준호 영화
10,2019-06-01,너무 현실 이라 서글프다,15,-0.6328206987235696,그렇다 15
10,2019-06-01,엄청나다 찜찜하다 영화 이다 찜찜하다 계속 영화 떠올리다,40,0.014501052344821618,나쁘다 기분 이다 영화
7,2019-07-01,기대 너무 많이,14,-0.6587135687663053,느낌 받다 모르다 보다
10,2019-06-19,마음 아프다 현실 이란,14,-0.6587135687663053,재밌다 영화
10,2019-06-14,상징 면서 동시 상징 이지 영화 봉준호 시즌 첫걸음,37,-0.06317755778338534,이야기 가족 나쁘다 나오다 기분
9,2019-06-12,15 세다 아무리 요즘 라도 그렇다 심의,36,-0.08907042782612098,내내 보다 정말 기생충 가다
9,2019-06-09,기분 나쁘다 영화 이다,14,-0.6587135687663053,가다 보다
6,2019-06-05,보다 어딘 모르다 답답하다 느낌 받다 지극히 주관 견해,47,0.19575114264397117,별로
7,2019-06-04,마냥 재밌다 영화,17,-0.5810349586380983,찝찝하다 정말 너무
7,2019-06-02,너무 나오다 듣기 싫다 완전 이간 가족 이야기 기분 나쁘다 화재 밉다,52,0.32521549285764945,야하다 한번 진짜 보다 영화
10,2019-06-01,가다 모르다 영화 보다 보다 내내 기생충 이라는 영화 제목 정말 딱이다,53,0.35110836290038505,많이 기대 너무
10,2019-06-30,아직 보다 극장 가다 이지,24,-0.3997848683389488,예술 별로 작품 기분 좋다
4,2019-06-06,올라가다 내려가다 근데 별로,16,-0.606927828680834,별로 그냥 모르다 재밌다
7,2019-06-12,너무 찝찝하다 정말,16,-0.606927828680834,살다 기대 그냥 많다 불편하다
9,2019-06-10,보다 진짜 한번 보다 야하다 영화,26,-0.3479991282534775,재미있다
8,2019-06-05,기대 너무 많이,14,-0.6587135687663053,영화 기분 이다
6,2019-06-03,작품 성과 예술 떠나다 기분 별로 좋다,28,-0.2962133881680062,야하다 재미 모르다 보고 자다
3,2019-06-17,그냥 별로 재밌다 모르다,17,-0.5810349586380983,
6,2019-06-08,기대 컷나 보다 많다 그냥 불편하다 영화 베드 쇼파 신도 구리 외부 들어오다 살다 설정 신선하다,80,1.0502158540542477,재밌다
6,2019-06-07,재미있다 건지다,19,-0.5292492185526271,나오다 너무 현실 영화 부자
6,2019-06-10,대한민국 잘못 소개 영화 기분 안좋다 영화 이다,31,-0.21853477803979923,보다 영화
6,2019-06-05,초반 블랙코미디 보고 자다 모르다 재미 감동 영화 보다 야하다,55,0.4028941029858564,충격
6,2019-06-12,거품 꼇다,10,-0.7622850489372479,
10,2021-04-18,재밌다,6,-0.8658565291081904,씁쓸하다 만들다 자다 영화
1,2019-06-06,영화 인가 영화 너무 빈틈 많다 불필요하다 장면 나오다 현실 영화 부자 너무 멍청하다 인물 나오다 가난하다 착하다 양심 인물 나오다 현실 너무 영화 보다,136,2.500216576447444,느끼다
10,2024-02-29,보다 놀랍다 영화,13,-0.6846064388090409,
8,2019-07-21,갈수록 충격 적임,12,-0.7104993088517766,별로
8,2019-06-01,많아지다 폭발,11,-0.7363921788945123,
10,2019-06-01,자다 만들다 영화 씁쓸하다 결말,15,-0.6328206987235696,영화
10,2019-05-31,부엌 지하실 갈다 엄청나다 공포 느끼다,30,-0.2444276480825349,남다 여운 끝나다
8,2019-08-31,세상,17,-0.5810349586380983,끄다 많다 만들다 영화
8,2019-07-13,보단 별로,13,-0.6846064388090409,대단하다 오다 작품 정말 보다
7,2019-06-12,흔하다 기호 구현 해내다 작위 세계,19,-0.5292492185526271,배우 이정은 연출 대단하다 연기
10,2019-06-03,감정 드리다 당하다 골인 영화 대박 대작,29,-0.2703205181252705,재미 진짜 보다 이다 영화
10,2019-06-02,가볍다 웃다 묵직하다 끝나다 여운 남다,31,-0.21853477803979923,재밌다 너무 보다 영화
10,2019-06-02,많다 끄다 만들다 영화,16,-0.606927828680834,보다
10,2019-05-31,오다 짜다 졸잼 작품 연기력 정말 대단하다 보다,36,-0.08907042782612098,19 보기 15
9,2019-11-23,이정은 배우 연기 보다 소름 끼치다 대한민국 이정은 배우 계시다 차다 자랑스럽다 영화 연출 연출 배우 소화 대단하다,92,1.3609302945670754,모르다 자다
10,2019-07-11,항상 다른사람 보다 오늘 보다 진짜 영화 빠지다 짜다 재미 유머 이다,63,0.6100370633277415,재미 그렇다
10,2019-07-11,필요없다 영화 너무 재밌다 보다,24,-0.3997848683389488,되어다 정말 영화
5,2019-06-21,글쎄 보다 힘들다,17,-0.5810349586380983,슬프다 영화 장르 살다 그냥
6,2019-06-07,15 19 세다 이랑 보기 민망하다,28,-0.2962133881680062,몰입
6,2019-06-05,자다 모르다,11,-0.7363921788945123,재밌다 보다 영화
6,2019-06-02,글쎄 재미 재미 그렇다 애매하다,39,-0.011391817697914032,야하다 진짜 보다
10,2019-06-01,영화 정말 치밀하다 구성 되어다 재밋어,24,-0.3997848683389488,불쾌하다 현실 너무
10,2019-06-01,그냥 살다 모습 자체 담다 영화 슬프다 장르 영화 슬프다 영화 이다,49,0.24753688272944246,오다 진짜 재미있다
10,2019-06-01,2시간 빨다 들어가다 몰입,18,-0.5551420885953627,봉준호 보다
10,2019-05-31,간만 재밌다 보다 영화 추천,15,-0.6328206987235696,15 영화
10,2019-06-01,진짜 보다 야하다 올해 어벤져스 보다 더재밋,22,-0.4515706084244201,최고 재미있다 봉준호 보다
10,2020-02-17,너무 현실 불쾌하다,13,-0.6846064388090409,슬프다 한번 영화
4,2019-07-09,오다 진짜 레알 다사 재미있다 버고 판단,31,-0.21853477803979923,송강호
8,2019-05-30,봉준호 세상 보다 관점 사랑,21,-0.47746347846715576,되어다 표현 가족 내용 많다
8,2020-02-16,15 세이 상이 영화,19,-0.5292492185526271,지하철 냄새 반지하 나다 불쾌하다
10,2023-12-03,여러 보다 재미있다 봉준호 최고,19,-0.5292492185526271,보고 영화
8,2019-11-05,상류사회 무례하다 한번 영화 섞이다 뼛속 바뀌다 슬프다,61,0.5582513232422702,여운 알다 나오다
10,2019-11-05,송강호 눈빛 잊다,15,-0.6328206987235696,최고 봉준호 영화
9,2019-06-12,평범하다 가족 관람 내용 너무 극명하다 표현 되어다 많다 만들다 영화,74,0.8948586337978337,작품 되어다 역시 뭔가 한번
7,2019-06-09,지하철 반지하 냄새 상징 상위 계층 아이러니 예전 왠지 불쾌하다 지하철 냄새 지독하다 싫다 우연 기회 파리 지하철 다녀오다 나서다 질병 강박 관념 씻다 나다 한국 지하철 도서관 이다,139,2.577895186575651,보기 보다 영화
10,2019-06-06,영화 보고 살아가다 해주다 부모님 감사하다,38,-0.037284687740649684,이야기 처럼 감독
10,2019-06-03,여운 알다 헤어 나오다,31,-0.21853477803979923,쓰다 현실
10,2019-10-17,봉준호 영화 최고 한국 영화 최고,24,-0.3997848683389488,한번 역시 최고 보다 정말
7,2019-07-11,감독 작품 취향 전혀 기생충 광고 나오다 뭔가 호기심 불러일으키다 보다 되어다 역시 기대 좋다 작품 이다 기회 한번 보다,94,1.4127160346525467,반지하 나다
8,2019-06-21,보다 유증 시달리다 요즘 보기 드물다 귀하다 영화,28,-0.2962133881680062,끄다 기분 보다
10,2019-06-19,상징 비유 노다지 누군가 이미 이야기 아무 이야기 처럼 풀다 감독,54,0.3770012329431207,기분 영화
6,2019-06-11,쓰다 쓰다 웃픈 현실,18,-0.5551420885953627,나쁘다 여운 그렇다 찝찝하다 그냥
8,2020-02-19,초반 웃음 코드 인가 싶다 가다 보다 일이 배경 입체 표현 주제 강화 모습 인상 이다,74,0.8948586337978337,기생충 재밌다 진짜 보다 재미있다
10,2020-02-17,늦다 보다 몰입도 장난 정말 재밌다 한번 보고 이틀 한번 보다 역시 최고 이다,62,0.5841441932850059,야하다 한번 보다 이다 영화
8,2020-02-15,옛날 반지하 살때 생각나다 비다 특히 장마 퍼다 나르다 나다 쏘다 한잔 왤케,75,0.9207515038405694,보기 가다 모르다 좋다 재밌다
7,2019-11-10,보다 기분 이안 좋아지다 이유 끄다,21,-0.47746347846715576,계속 기분 보다 영화
6,2019-06-10,기분 좋아지다 영화,17,-0.5810349586380983,불쾌하다 냄새 기분
6,2019-06-05,그냥 그렇다 보다 기분 나쁘다 찝찝하다 여운 남기다 영화,31,-0.21853477803979923,느끼다 많이 별로 많다 영화
10,2019-06-01,기생충 재밌다 기준 개쩜 에도 불구 보다 흥행 봉준호 감독 마더 상당하다 재미있다 진짜 영화 마더 포스터 보고 거르 말다 보다 마더 많아지다 기생충 재밌다,136,2.500216576447444,감독 모든
10,2019-06-01,평점 처음 보다 한번 보다 야하다 영화 이다,28,-0.2962133881680062,오다 잔인하다 보다 들다 재밌다
8,2020-02-18,가다 모르다 보다 재밌다 보기 드물다 꽉차다 영화 러닝 타임 길다 좋다,48,0.22164401268670683,그냥 좋다
6,2019-11-21,보다 기분 더럽다 계속 생각나다 영화,23,-0.42567773838168443,예술 봉준호 영화
6,2019-06-05,불쾌하다 노숙자 지하실 냄새 기분,31,-0.21853477803979923,그냥 작품 받다
6,2019-06-05,공감 수치 많이 느끼다 영화 볼때 답답하다 별로 많다,38,-0.037284687740649684,보다 받다
9,2019-06-01,모든 감독 확실하다 개성 지니다 안되다 감독 박수 드리다,54,0.3770012329431207,영화
10,2020-02-13,처음 재미있다 처음 개봉 영화 우울하다 잔인하다 스타일 영화 보다 우울하다 없이 재밌다 보다 잔인하다 부분 보다 덜하다 영화 재밌다 만들다 강하다 받다 들다 보다 이런저런 오다 영화관 번잡 스럽다 예상 이다 늦다 들다 오다 이나 중간 나가다 오다 되어다 핸드폰 전화 오다 벨소리 울리다 떨어지다 좌석 아주머니 대화 소리 들리다 멀리 떨어지다 좌석 이나 가깝다 좌석 이나 핸드폰 불빛 몇번 그냥 열다 상영 인가 이렇다 너무 싫어하다 에는 예상 크다 화면 보고 싶다 커서 만족 매너 너무,425,9.983256018798047,이해 이다
4,2019-06-08,몰입도 좋다 애매하다 그냥 때우다 괜찮다,33,-0.16674903795432794,연기 재밌다 보다
5,2019-06-04,흥미롭다 부분 상투 벗어나다 부분 많다,32,-0.19264190799706357,재미 좋다 보다
10,2019-06-01,봉준호 영화 찍다 예술 찍다,24,-0.3997848683389488,영화
10,2019-06-05,깐느 받다 천만 그냥 넘기다 작품,29,-0.2703205181252705,현실 너무 이다
9,2020-02-17,받다 보다 보다 명작 이네,28,-0.2962133881680062,그냥
10,2020-02-17,21 세기 필수 교양 영화 하나로 세계 영화사 영화,34,-0.14085616791159228,씁쓸하다 그냥 모르다 자다 이다
5,2019-06-09,보다는 별루 이다 평점 높다 이해 안감,27,-0.32210625821074185,불쾌하다 보다 영화
10,2019-09-09,재밌다 보다 읍니 연기,17,-0.5810349586380983,자다 재밌다 보다
5,2019-08-18,좋다 나름 재미 보다,21,-0.47746347846715576,찝찝하다 만들다 보고 자다 영화
4,2019-07-24,호불호 강하다 영화,11,-0.7363921788945123,별로 감독 영화
5,2019-07-14,너무 현실 이다 추천,17,-0.5810349586380983,내용 들다 많다 보고 보다
6,2019-06-13,그냥 블랫 코미디,14,-0.6587135687663053,
6,2019-06-10,자다 모르다 그냥 씁쓸하다 영화 이다,21,-0.47746347846715576,관람 재미있다 현실
6,2019-06-10,보다 왠지 불쾌하다 영화,18,-0.5551420885953627,15 관람 가다
10,2019-06-08,기생충 만연하다 내일 출근 회사 기생 벌다 먹다 살다 지하철 냄새 풍기면,67,0.7136085434986842,
10,2019-06-08,오랜 재밌다 자다 보다,16,-0.606927828680834,들다
8,2019-06-06,자다 만들다 영화 보고 나서다 찝찝하다,21,-0.47746347846715576,잔인하다 보기 15 만들다 영화
5,2019-06-05,감독 의도 전달 메시지 이렇다 영화 라서 별로,42,0.06628679243029292,보다 끄다 맞다 진짜 봉준호
10,2019-06-04,예고편 보고 내용 일지 상상 영화 보다 많다 들다,46,0.1698582726012355,가족
10,2019-06-03,숙주 놓다 벌이다 전쟁,13,-0.6846064388090409,황금종려상 보다
10,2019-06-03,반전 현실 반영 재미있다 관람,30,-0.2444276480825349,이다 기분 영화
6,2019-06-02,15 관람 가다,15,-0.6328206987235696,많다 영화
10,2019-06-02,속상하다 저릿저릿하다 수작,14,-0.6587135687663053,야하다 재미있다 보다
9,2019-06-02,들다 한테 감정이입,19,-0.5292492185526271,황금종려상 주다 받다 모르다 재미있다
8,2019-06-01,15 보기 잔인하다 여러 만들다 영화,29,-0.2703205181252705,이정은 연기 좋다 너무
10,2019-06-01,기승 전결 너무 맞다 떨어지다 긴장감 늦추다 오랜 봉준호 감독 영화 보다 좋다 조여정 연기력 진짜 앤드 게임 보다 재밌다 보다 멀다 가보다 멍하다 얻어맞다 기분 끄다 상치 전개 관객 뒤통수 때리다,140,2.6037880566183866,좋다 잔인하다 19 너무
6,2019-06-01,가족 호러,11,-0.7363921788945123,15 보다
10,2019-06-01,집중 보다 황금종려상 수상 축하,23,-0.42567773838168443,넘다 냄새 영화
10,2019-06-01,빼어나다 명창 판소리 감상 기분 이다 영화 리듬 느껴지다 흐름 의식 빠르다 스며들다 해학 요소 인상 이다 문제점 웃기다 마냥 이다,102,1.619858994994432,장면 충격 보여주다 재미 기생충
10,2019-06-01,많다 영화,15,-0.6328206987235696,맞다 느낌 알다 영화
10,2019-06-01,재미있다 보다 야하다,16,-0.606927828680834,보다 영화
9,2019-05-31,영화 재미있다 보다 황금종려상 솔직하다 자다 모르다 전문가 평점 보고 문득 궁금하다 받다 주다,76,0.946644373883305,이다 예술 맞다 내용 충격
10,2019-05-31,이정은 연기 너무 좋다,15,-0.6328206987235696,
10,2019-05-31,잔인하다 너무 좋다 19 이면 좋다,31,-0.21853477803979923,스토리 배우 연기 보다
6,2019-05-31,보다 가슴 답답하다 15 이용 절대,25,-0.3738919982962131,보여주다 없이 연출 배우 연기
10,2019-05-31,넘다 숨다 냄새 깨닫다 침묵 기묘하다 영화,60,0.5323584531995347,부자 이해
10,2019-05-31,장면 놓치다 장면 의미 장면 우리나라 현실 적나라하다 보여주다 충격 이다 영화 재미 충격 안기다 기생충 자다 보다,87,1.231465944353397,많이 남다 여운 영화
10,2019-05-31,코미디 영화인 알다 통수 맞다 느낌 서스펜스 영화 라고 맞다,39,-0.011391817697914032,이고 이다
10,2019-05-31,보다 최근 보다 영화 가장 후회,34,-0.14085616791159228,내용 찝찝하다 보고 영화
10,2019-05-31,신선하다 충격 머리 얻다 맞다 달다 내용 200 추다 그야말로 예술 현실 혼연 일체 이다 희다 대의 걸작 이다,80,1.0502158540542477,슬프다 모르다 만들다 영화
8,2019-05-30,글쌔 재밋 지는 와이프 재밋다 호불호,42,0.06628679243029292,이야기 이다
9,2020-02-18,스토리 배우 연기 보다,17,-0.5810349586380983,보여주다 그냥
10,2020-01-25,계층 구조 단면 하루 밤낮 사이 일어나다 사건 만으로도 직설 동시 은유 봉제 없이 매끄럽다 보여주다 감독 솜씨 각본 연출 놀랍다 배우 연기 가려지다 유일하다 흠일,129,2.3189664861482946,보기 기분
10,2019-10-17,도대체 부자 가왜 욕먹다 이해 안감,15,-0.6328206987235696,받다 좋다 이다 영화
10,2019-09-22,여운 많이 남다 영화,12,-0.7104993088517766,찝찝하다 기분
8,2019-09-14,가난 운명 이고 주택 숙명 이다,20,-0.5033563485098914,영화 되어다 나쁘다 느낌 받다
2,2019-09-12,개인 영화 보고 찝찝하다 내용,19,-0.5292492185526271,영화
8,2019-09-07,멀다 모르다 슬프다 재다 기도 여러가지 만들다 영화,37,-0.06317755778338534,슬프다 끝나다 재밌다 영화
10,2019-08-28,강추 이다 쉬다 무겁다 어렵다 무겁다 이야기 풀다,29,-0.2703205181252705,
2,2019-08-11,보여주다 그냥,21,-0.47746347846715576,마지막 이다 영화
6,2019-08-03,기분 찌다 찌다 보기,15,-0.6328206987235696,내내 보다 영화
8,2019-07-21,받다 좋다 영화 이다,14,-0.6587135687663053,영화 야하다 한번 나쁘다 보다
8,2019-07-20,찝찝하다 결말 기분 안좋다,15,-0.6328206987235696,맞다 별로
8,2019-07-14,받다 시나리오 연기 에는 전혀 의심 포함 의외로 영화 보고 기분 다운 느낌 갖다 영화 나쁘다 라기 보다 그만큼 영화 메시지 자다 전달 되어다 이겠다,116,1.982359175592731,이다 나쁘다 기분 영화
6,2019-07-13,나름 많아지다 영화 이나 개인 으로는 아쉽다 부분,39,-0.011391817697914032,지루하다 그렇다 기대 너무
10,2019-07-13,재밌다 슬프다 영화 끝나다 많아지다,24,-0.3997848683389488,끝나다 영화
10,2019-07-12,어떻다 이렇다,14,-0.6587135687663053,내용 15 관람 가다 재미있다
9,2019-07-11,반전 반전 영화 이다 마지막 결말 부분 아쉽다,31,-0.21853477803979923,끄다 영화 모르다 재밌다
10,2019-07-11,상영 내내 집중헤 보다 영화,18,-0.5551420885953627,별로 내내 불편하다 보다 영화
6,2019-06-30,기분 나쁘다 영화 다시다 보다 영화 한번 보다 야하다 영화,29,-0.2703205181252705,영화
6,2019-06-28,개인 으로는 별로 맞다,16,-0.606927828680834,보다
6,2019-06-27,영화 기분 나쁘다 목표 이다 대다 성공 이다,34,-0.14085616791159228,나오다 끝나다 기생충 보고 영화
5,2019-06-25,너무 기대 커서 그렇다 중반 이후 지루하다,26,-0.3479991282534775,
10,2019-06-18,영화 끝나다 라이트 맥주 짜파구리 소고기 넣다 먹다 꿀맛임,41,0.04039392238755727,처럼 나다 모든 주다 마음
6,2019-06-16,내용 구성은 재미있다 15 관람 딸아이 가다 민망하다,47,0.19575114264397117,보다 영화
10,2019-06-12,영화 인지 모르다 끄다 끄다 영화 하루 이틀 종일 생각나다 영화 신선하다 재밌다,55,0.4028941029858564,들다 영화
6,2019-06-10,보다 내내 불편하다 영화 별로,18,-0.5551420885953627,그냥 받다
5,2019-06-08,짜파구리 영화 featbeef,20,-0.5033563485098914,지하철 라는 냄새 보고
9,2019-06-07,하늘 해결 빈부 격차 보다 짠하다,33,-0.16674903795432794,재밌다 보다
10,2019-06-05,영화 끝나다 나오다 반응 듣다 좋아하다 기생충 침묵 공공 영화 보고 나오다 엘베 진심 고요하다 다치다 삼키다,84,1.1537873342251903,이다 보다 영화
10,2019-06-05,누군가 에겐 희극 누군가 에겐 비극,20,-0.5033563485098914,
8,2019-06-04,후보 나다 희망 보단 모든 극복 만의 숙제 처럼 느껴지다 마음 무겁다 답답하다 영화 주다 영향 라니,83,1.1278944641824546,이다 지루하다 이라 오다 느낌
8,2019-06-04,영화 보다 속이다 미식 거림,15,-0.6328206987235696,19
10,2019-06-04,오만 들다 영화,16,-0.606927828680834,황금종려상 작품 받다
6,2019-06-03,그냥 기립박수 받다 인가,21,-0.47746347846715576,알다 나오다 기생충 이야기 그렇다
10,2019-06-02,지하철 냄새 라는 대사 이후 관객 영화로 보고 마냥,58,0.4805727131140633,들다 연기 너무
10,2019-05-31,보다 한국영 제일 재밌다,19,-0.5292492185526271,그렇다 영화
10,2020-02-18,되새기다 보다 인상 깊다 영화 이다,16,-0.606927828680834,
10,2020-02-11,Academy is parasitic of Parasite,35,-0.11496329786885663,
10,2019-08-28,해외 영화제 수상하다 작품 영화 모르다 그렇다 항상 난해하다 심오하다 느낌 이라 지루하다 기생충 정말 충격 이다 오다 닿다 좋다 영화 이다,88,1.2573588143961327,
10,2019-07-14,19 금은 17 상향,25,-0.3738919982962131,끝나다
10,2019-07-11,황금종려상 받다 작품,13,-0.6846064388090409,알다 받다 이다
8,2019-06-14,알다 친구 영화관 나서다 괴물 에서는 괴물 나오다 기생충 에서는 기생충 나오다 싸우다 이야기 알다 그렇다 영화 이다 좋다 상징 비유 대비 미장센 가득 작정 노리다 수상작,132,2.3966450962765014,이고 내용 너무 반지하 몰입
8,2019-06-10,연기 들다 너무 재밋었어,19,-0.5292492185526271,장면
6,2019-06-08,취향 영화 그렇다,22,-0.4515706084244201,들다 많다
4,2019-06-05,결말 허무하다,12,-0.7104993088517766,자다 나다 역시 별로 기대
10,2019-06-05,가정부 등장 완전 소름,15,-0.6328206987235696,부자
5,2019-06-05,어렵다,12,-0.7104993088517766,야하다 장면
10,2019-06-05,평범하다 시작 비범하다 끝나다,18,-0.5551420885953627,표현 잔인하다
6,2019-06-03,이다 영화제 받다 알다,28,-0.2962133881680062,기생충 영화 역시 씁쓸하다 그렇다
6,2019-06-02,내용 너무 극단 이고 자극 이고 반지하 살다 기분 나쁘다 좋아하다 내용 이나 아카데미 싫다 몰입 감다 내용 너무 비현실적 이고 황당하다,101,1.5939661249516963,재미있다
6,2019-06-02,필요없다 딸아이 무지 어색하다 굳이 필요하다 장면,42,0.06628679243029292,장면 기생충 봉준호 보고 감독
10,2019-06-02,많다 들다 넉넉하다 환경 자르다 부모님 보지 추천,52,0.32521549285764945,
9,2019-05-30,받다 다해 엄청 기대 보다는 별로 역시 난해하다 영화 보다 여러 나다 싶다 감독 의도 에는 자다 부합 나름 풍자 유머 자다 섞다,110,1.827001955336317,
10,2019-07-11,폭우 쏟아지다 가기 위해 계단 내려가다 내려가다 모습 찡하다 부자 가난하다 자의 차이 이겠다 가슴 아프다,90,1.309144554481604,그렇다 이다
8,2019-07-05,쓸데없다 야하다 장면 넣다,21,-0.47746347846715576,연기 좋다 영화
6,2019-07-05,빈부 격차 표현 너무나 잔인하다 실망하다,31,-0.21853477803979923,마음 불쾌하다 불편하다 감독 보다
5,2019-06-12,영화 자체 그렇다 좋다 근데 제목 기생충 이라니 보다 근데 영화 보고 난뒤 씁쓸하다 어쩔 영화 끝나다 켜다 자리 일어나다 평범하다 가난하다 역시 기생충 건가,137,2.52610944649018,충격 이다 영화
7,2019-06-04,기대하다 재미있다,18,-0.5551420885953627,영화 없이 오다 기생충 가다
10,2019-06-02,장면 사하나 놓치다 봉준호 감독 노력 담기다 영화 보고 나서다 제목 기생충 이다,76,0.946644373883305,영화 주다 보다
7,2019-11-26,딱하다 재밋지 재미없다,18,-0.5551420885953627,크다 기대
1,2019-06-10,실사 놓다 가나다 라마 바사,14,-0.6587135687663053,느낌 보다
5,2019-05-31,유명하다 그렇다 싸다 박수 치다 이다,37,-0.06317755778338534,영화
4,2019-11-26,연기 좋다 영화 별루,15,-0.6328206987235696,
2,2019-06-11,감독 의도 이든 보다 불쾌하다 마음 불편하다,31,-0.21853477803979923,이해 연출 좋다
9,2020-03-08,후반 부가 충격 이다 영화,16,-0.606927828680834,잔인하다 장면 15 관람 모르다
5,2019-06-04,주노 패션 좌파 옥자 고기 먹다 드니 기생충 영화 동아리 신입생 물질 부족 없이 자라 오다 지성인 라면 계급 멋있다 허세 감성 가다 효과 보이다 영화 정직하다 오락 영화 만들다,139,2.577895186575651,별로 찝찝하다 기분 재밌다 이다
1,2019-05-31,수상 영화 주다 영화 영화 해석 빈부 빈자 보다 우울하다 하루,101,1.5939661249516963,영화
1,2019-05-30,기대 크다 실망 크다,13,-0.6846064388090409,되어다 스토리
10,2025-05-03,몇번 보다 느낌 새롭다 마스터피스,20,-0.5033563485098914,
10,2025-04-30,대한민국 영화 역사,15,-0.6328206987235696,재미있다
10,2025-03-06,한국영 역사 이남 역작,15,-0.6328206987235696,가족 보기 충격 영화
10,2024-02-29,보다 놀랍다 영화,13,-0.6846064388090409,
10,2024-02-26,이해 쉽다 연출 좋다,15,-0.6328206987235696,영화 이고 보여주다 모든 나쁘다
9,2019-11-08,불편하다 잔인하다 장면 15 관람 이다 모르다,40,0.014501052344821618,장르 보다
8,2019-09-25,기분 찝찝하다 영화 별로 이다 재밌다,21,-0.47746347846715576,끄다 끝나다 들다 불편하다 영화
6,2019-09-02,영화 난후 등장인물 감정이입 해보다,32,-0.19264190799706357,진짜 충격 이다
10,2019-08-30,스토리 이미 머릿속 완성 되어다 그리다 그림,30,-0.2444276480825349,마지막 느끼다 관람 불편하다 영화
10,2019-08-25,가정부 등장 소름 돋다,16,-0.606927828680834,찝찝하다 충격 영화 이다
10,2019-08-15,신선하다 재미있다 지하실 아저씨 오름,24,-0.3997848683389488,황금종려상 이라 내용 한번 작품
8,2019-08-10,충격 영화 가족 보기,26,-0.3479991282534775,너무 영화
8,2019-08-01,중딩 이랑 후회,15,-0.6328206987235696,느끼다 끝나다 작품 영화
6,2019-08-01,우리나라 나쁘다 모습 세계 모든 보여주다 마음 무거워 지는 영화 이다 으로는 너무 세속 이고 난폭하다 영화 고난 희망 진솔하다 감동 영화 제작 상영 바라다,114,1.9305734355072597,마지막 충격 재밌다 이다
8,2019-07-17,장르 변경 완전 신선하다 보다 가모 찜찜하다,27,-0.32210625821074185,역시 재밌다
8,2019-07-13,영화 끝나다 들다 불편하다 끄다 자꾸 영화,34,-0.14085616791159228,최고 이다 보다 영화
7,2019-06-29,마더 그건 진짜 충격 이다,22,-0.4515706084244201,불쾌하다 찝찝하다 보고 감독
6,2019-06-27,처음 웃기 재밌다 신선하다 마지막 영화 관람 불편하다 느끼다 영화,45,0.14396540255849988,연출 배우 연기 좋다 영화
8,2019-06-26,충격 영화 이다 찝찝하다 영화,16,-0.606927828680834,보다 영화
7,2019-06-26,황금종려상 수상 작품 이라 한번 보다 내용 너무 무겁다,33,-0.16674903795432794,끝나다 충격 영화
9,2019-06-24,너무 실제 속상하다 영화,17,-0.5810349586380983,가다 너무 보다
9,2019-06-23,영화 끝나다 작품 이라고 느끼다,20,-0.5033563485098914,감독 많이 영화 너무 보다
10,2019-06-23,재밌다 마지막 충격 이다,16,-0.606927828680834,마음 내내 불편하다 보다 영화
10,2019-06-23,재밌다 만해 역시 준호,16,-0.606927828680834,정말 연기
10,2019-06-22,레알 다가 최고 영화 이다 보다,20,-0.5033563485098914,보다
9,2019-06-21,보고 나서다 불쾌하다 찝찝하다 감독 의도 제대로 전달,37,-0.06317755778338534,영화
9,2019-06-21,전반전 신나다 코믹 터치 나가다 후반전 스릴러 분위기 급전 수직 계급 수도 인간 내면 숨기다 본성 영화 읽다 좋다 대사 배우 연기 연출 음악 베리,115,1.9564663055499953,야하다 재밌다
8,2019-06-20,보다 불안하다 영화,11,-0.7363921788945123,
9,2019-06-19,충격 적다 영화 끝나다 자꾸 떠오르다 상하 비교,38,-0.037284687740649684,라는 끝나다 좋다 영화
8,2019-06-19,너무 보다 가다 상상력,15,-0.6328206987235696,오다 기대 가다 보고 자다
8,2019-06-19,무기 많이 너무 감독 영화 좋아하다 보다 힝힝 감독 영화,65,0.6618228034132129,몰입 남다 씁쓸하다 여운 19
8,2019-06-18,보다 내내 마음 불편하다 영화,16,-0.606927828680834,
9,2019-06-18,함안 연기 정말 일품,14,-0.6587135687663053,15 관람 가다
10,2019-06-17,벌레 보다 벌레 그리다,21,-0.47746347846715576,보다
4,2019-06-16,유쾌하다 영화,13,-0.6846064388090409,진짜 들다 연기 너무 영화
10,2019-06-14,대박 재밌다 또바 야하다,19,-0.5292492185526271,마음 그냥
10,2019-06-14,현재 불평 부끄럽다,23,-0.42567773838168443,등급 관람
8,2019-06-14,좋다 영화 라는 끝나다,18,-0.5551420885953627,마음 내내 불편하다 보다
10,2019-06-14,기대 가다 너무 자다 보고 오다,23,-0.42567773838168443,정말 보다
8,2019-06-13,몰입 보다 씁쓸하다 여운 남다 19 들다,51,0.2993226228149138,최고 연기
9,2019-06-10,되새김질 해보다,12,-0.7104993088517766,기대 이다
8,2019-06-09,여러 모로 15 관람 가다,16,-0.606927828680834,15 재밌다 영화
6,2019-06-09,용이 보다 무거워,11,-0.7363921788945123,
10,2019-06-09,연기 진짜 근데 자괴 들다 영화 쉽다 우리나라 해외 입상 너무 우울,59,0.506465583156799,모든 황금종려상 이라 씁쓸하다 여운
9,2019-06-08,그냥 마음 어수선하다,12,-0.7104993088517766,느낌 나오다 받다 충격 기생충
8,2019-06-07,관람 등급 바꾸다,18,-0.5551420885953627,정말 만들다 자다 영화 기분
8,2019-06-07,보다 내내 마음 불편하다,15,-0.6328206987235696,재미 보기
8,2019-06-07,정말 어설프다 욕대사 빼다 재다 보다 근데 대상 지는,35,-0.11496329786885663,이해 장르 뭔가 보기 영화
10,2019-06-07,Is it OK with you 조여정 연기 최고,31,-0.21853477803979923,보기 배우 연기 너무 영화
8,2019-06-07,기대 만큼은 신선하다 소재 이다 올드보이 에는,34,-0.14085616791159228,냄새
10,2019-06-06,반전 영화 재밌다 근데 15 세아,21,-0.47746347846715576,느끼다
10,2019-06-06,불안하다 조마조마하다,11,-0.7363921788945123,계속 나다 재미 싶다 불편하다
8,2019-06-06,칸영화제 황금종려상 수상 축하 대상 수상작 이라 모든 골고루 뛰어나다 영화 라서 감히 뭐라다 영화 관람 뒤끝 아쉽다 답답하다 찝찝하다 여운 깨우다 인지 씁쓸하다,130,2.34485935619103,마지막 송강호 역시 이라 기대
8,2019-06-06,기생충 보고 나오다 무언가 자꾸 나르다 짓누르다 느낌 받다 영화 너무 충격 여서 건가 현실 건가,76,0.946644373883305,찝찝하다
9,2019-06-06,영화 정말 자다 만들다 갈수록 기분 좋아지다 영화,35,-0.11496329786885663,표현 이야기 기생충 자다 보다
8,2019-06-06,무겁다 재미 몰입도 뛰어나다 보기 용기 필요하다,32,-0.19264190799706357,영화
8,2019-06-06,등급제 변경 필요하다 영화 예요 자녀 보기 뭔가 이해 말듯 장르 예요,46,0.1698582726012355,스토리 마음 재밌다
9,2019-06-06,배우 연기 너무 인상 적다 영화 과는 보기 민망,45,0.14396540255849988,나오다 느끼다 내내 재밌다 영화
9,2019-06-04,냄새 감추다 진자 대한 거부 경멸,30,-0.2444276480825349,한번 가다 재밌다
9,2019-06-03,탁자 아래 눕다 심장 쫄깃 저만 느끼다,47,0.19575114264397117,한번 보다 영화
9,2019-06-03,영화 괴물 이나 살인 추억 만큼의 재미 보다 계속 나다 자리 숭숭 기도 피하 싶다 불편하다 감정 건드리다 영화인,106,1.7234304751653746,이다 역시 내내 싶다 작품
9,2019-06-03,칸영화제 최우수 작품 이라 기대 첫날 예매 관람 역시 수준 높다 영화 마지막 송강호 지하방 어떻다 상상 즐거움 주네,90,1.309144554481604,한번 보다
8,2019-06-03,찝찝하다,15,-0.6328206987235696,없이 지루하다 이라 마음 많다
8,2019-06-03,기생충 숙주 죽이다 어떻다 이야기 보다 영상 자다 표현 영화,42,0.06628679243029292,최고 장면 영화 재밌다 이다
9,2019-06-02,시나리오 제목 데칼코마니 영화 관통 워드,29,-0.2703205181252705,만들다 재밌다 영화
9,2019-06-02,스토리 재밌다 저택 제일 마음,23,-0.42567773838168443,
10,2019-06-02,재밌다 인정 영화 내내 웃다 ocn 나오다 채널 돌리다 영화관 나오다 느끼다 찜찜하다,68,0.7395014135414198,이정은 배우
10,2019-06-02,대안 가다 재밌다 한번,24,-0.3997848683389488,보다
9,2019-06-02,보다 생각나다 영화 한번 더볼,21,-0.47746347846715576,무섭다 현실 보다 영화
10,2019-06-02,역시 봉준호 감독 작품 이다 보다 내내 소름 연속 이다 보고 싶다,42,0.06628679243029292,보여주다 영화
8,2019-06-02,한번 보다,11,-0.7363921788945123,이다
8,2019-06-02,소재 연기력 통해 지루하다 없이 보다 한편 으론 안타깝다 모습 이라 마음 펴다 많다 15 세다,74,0.8948586337978337,19
7,2019-06-02,재밌다 보다 밟다 구리다 장면 최고 영화 라고는 영화 의식 대부분 특히 요즘 젊다 세대 공감 이다,91,1.3350374245243397,이다 현실 기분 영화 여운
10,2019-06-02,영화 만들다 재밌다,16,-0.606927828680834,이고 영화 쓰다 불쾌하다 관람
10,2019-06-02,때리다 아프다,19,-0.5292492185526271,보다
9,2019-06-02,이정은 배우 연기력 소름 돋다,25,-0.3738919982962131,지루하다 몰입 불쾌하다
10,2019-06-01,보다 재밋게봤음,11,-0.7363921788945123,몰입 스토리 냄새 정말 영화
10,2019-06-01,영화 무섭다 걸다 영화로 꾸미다 현실 보다 서다 무섭다 걸다,33,-0.16674903795432794,영화
10,2019-06-01,눈물 흘리다 울다 보여주다 영화,25,-0.3738919982962131,봉준호 감독
10,2019-06-01,이다 감사하다,13,-0.6846064388090409,
8,2019-06-01,12 세아 19 세입 니당다,17,-0.5810349586380983,내용 연기 좋다
9,2019-06-01,기분 매우 더럽다 너무 세심 현실 이다 보다 영화 여운 가장 기다 영화 이다 영화 끝나다 현실 이어지다 기분 이다,70,0.7912871536268912,여운 끝나다 영화
10,2019-06-01,영화 관람 관객 내면 비치다 거울 영화 이타 이고 성적 고상하다 가면 쓰다 기적 이고 탐욕 스러운 본성 인간 본연 가깝다 불편하다 진실 너무 적나라하다 불쾌하다 영화,115,1.9564663055499953,이야기 스토리 가다 봉준호 이다
10,2019-06-01,이랑 보다 안되다,15,-0.6328206987235696,예술 봉준호 감독 너무
8,2019-06-01,몰입 지루하다 감정이입 돼다 불쾌하다,26,-0.3479991282534775,재밌다 너무
10,2019-06-01,영화 몰입 스토리 지하 냄새 워드 정말 인상 깊다 영화,52,0.32521549285764945,가다 모르다 보다
10,2019-06-01,군더더기 깔끔하다 영화,12,-0.7104993088517766,없이 맞다 야하다 작품 자다
9,2019-06-01,봉준호 감독 디테일 장인 이네,18,-0.5551420885953627,주다 보고 영화
8,2019-06-01,호불호 갈릿듯,10,-0.7622850489372479,대단하다 모든 한번 배우 봉준호
10,2019-06-01,내용 연기 좋다,12,-0.7104993088517766,기생충 모르다 재미있다
10,2019-06-01,끝나다 여운 가시 영화,18,-0.5551420885953627,계속 씁쓸하다 여운
10,2019-06-01,이러니 패러독스 이야기 봉준호 풀다 내다 이야기 라고 스토리 독특하다 만큼이나 몰입도 최강 영화로 으뜸 가다 미덕 이다 시청 후미 촉각 감각 연관 해석 가능하다,113,1.904680565464524,재밌다 없이 보다
10,2019-06-01,상업 으로나 예술 으로나 너무 완벽하다 봉준호 감독 감사 드리다,34,-0.14085616791159228,반지하 보다
10,2019-06-01,기대하다 너무 재밌다,17,-0.5810349586380983,부자 배우 냄새 정말 연기
10,2019-06-01,가다 모르다 보다,15,-0.6328206987235696,없이 지루하다 몰입 최고 재밌다
10,2019-05-31,상대방 의견 평점 무의미 예고편 없이 보다 야하다 작품 통수 쎄다 맞다 오늘밤 자다,55,0.4028941029858564,영화
10,2019-05-31,누군가 보고 평가 비다 무시 아내 려고 상처 주다 경고 주다 영화,61,0.5582513232422702,정말 좋다 이다 영화
10,2019-05-31,한번 상상 해봤다 봉준호 실제 해내다 여러 모로 대단하다 영화 배우 감독 모든 박수 보내다,71,0.8171800236696267,배우 연기 기분 좋다 보다
8,2019-05-31,영화상 국내 흥행 안되다 기생충 보단 재미있다 어딘가 모르다 아쉽다 부분,66,0.6877156734559485,이라 여운 찝찝하다 작품 봉준호
8,2019-05-31,씁쓸하다 계속 생각나다 여운 길다,22,-0.4515706084244201,충격 이다
9,2019-05-31,재밌다 해석 둘째 치다 복잡하다 해석 없이 보다 재밌다 에든,39,-0.011391817697914032,마음 씁쓸하다 보다 영화
7,2019-05-31,아파트 반지하 보다,25,-0.3738919982962131,
9,2019-05-31,시나리오 독특하다 배우 연기 정말 훌륭하다 부자 냄새 민감 한편 인데 그게 죄인 부자 착하다,77,0.9725372439260407,재밌다 보다
10,2019-05-30,처음 전혀 지루하다 없이 긴장 몰입 취향 너무 재밌다 대박 최고,56,0.42878697302859203,연기 좋다 너무
8,2019-05-30,10년 전이었으면 사흘 만에 내리다 영화 가난 양극화 악취 점점 심해지다 자진 감금 올드보이 와는 또다른 의미 단절,74,0.8948586337978337,계속
10,2019-05-30,정말 놀랍다 영화 이다 정말 좋다,18,-0.5551420885953627,스토리 재미있다
8,2019-05-30,배우 연기 훌륭하다 보다 기분 좋다,36,-0.08907042782612098,
10,2019-05-30,전반 희극 후반 비극 경제학자 현실 경제 모형 축약 다루다 봉준호 감독 대한 통찰 상징 통해 녹이다 내다 작품 아직도 여운 이라 찝찝하다 가시,109,1.8011090852935814,기분
10,2019-05-30,신선하다 충격 이다,11,-0.7363921788945123,재미있다 보다 영화
9,2019-05-30,중간 중간 웃기 기도 스릴 보다 마음 무거워 지는 씁쓸하다 영화,46,0.1698582726012355,냄새 지하철 반지하 계획 현실
10,2019-05-30,한순간 떼다 어려움,14,-0.6587135687663053,넘다 예술 보다 재미있다 너무
9,2024-03-21,보다 재밌다,17,-0.5810349586380983,작품 좋다 보다
8,2019-11-16,연기자 연기 너무 소름끼치다 좋다,23,-0.42567773838168443,모든 느끼다 충격 영화
8,2019-11-10,조커 웃음 계속 생각나다 소름,15,-0.6328206987235696,스토리 나쁘다 좋다
10,2019-11-05,스토리 탄탄하다 재미있다,15,-0.6328206987235696,이야기 많다 불편하다
9,2019-11-05,,1,-0.9953208793218687,받다 15
6,2019-10-12,기분 말다 드럽다 쓸다,19,-0.5292492185526271,이야기 재밌다 너무
10,2019-09-25,재미있다 보다 영화,15,-0.6328206987235696,보고 재미 싶다 가다 영화
8,2019-09-22,지하철 냄새 반지하 냄새 지키다 아마도 이러하다 비극 맞이 그럴듯하다 계획 성공하다 현실,79,1.024322984011512,보다 영화
10,2019-09-14,너무 예술 대안 보다 넘다 재미있다 보다,37,-0.06317755778338534,뭔가 불쾌하다
8,2019-09-06,엄마 보다 민망하다 부분 좋다 작품 이라고,38,-0.037284687740649684,보다 영화
10,2019-08-30,신선하다 충격 모든 감정 느끼다 영화,25,-0.3738919982962131,이다
8,2019-08-27,나쁘다 굵직하다 이어지다 스토리 화면 구성 좋다,32,-0.19264190799706357,모든 없이 표현 작품 재미있다
9,2019-08-26,불편하다 이야기 웃다 많다,29,-0.2703205181252705,등급 15 관람
10,2019-08-25,받다 15 세인,24,-0.3997848683389488,재밌다 보다
10,2019-08-24,음악 너무 고급스럽다 가난 대한 이야기 우울하다 마냥 늘어지다 재밌다,60,0.5323584531995347,끝나다 기분 재밌다 보다 영화
8,2019-08-10,여러 곱씹다 보고 의미 찾아보다 재미 여러 보고 싶다 애정 가다 영화,66,0.6877156734559485,황금종려상
9,2019-08-07,최근 영화 가장 흥미롭다 보다 추천,26,-0.3479991282534775,계속 영화 보다
6,2019-08-01,뭔가 찜찜하다 불쾌하다,11,-0.7363921788945123,그냥 이다 영화
10,2019-07-21,꼼꼼하다 챙기다 수록 깊다 의미 담다 영화 보다,34,-0.14085616791159228,작품 봉준호 감독 보다
6,2019-07-21,상치 반전 이다,13,-0.6846064388090409,모르다 자다
10,2019-07-12,시대 모든 딜레마 가장 재미있다 영화 표현 작품 모든 풍부하다 자막 없이 기쁨,67,0.7136085434986842,이해 슬프다 이라 알다 냄새
10,2019-07-12,15 관람 등급 인게 신기하다,19,-0.5292492185526271,대단하다 들다 현실 너무 보다
8,2019-07-12,재밌다 보다,12,-0.7104993088517766,
8,2019-07-11,재밌다 웃다 보다 영화 끝나다 왠지 기분 유쾌하다,36,-0.08907042782612098,많다 만들다
8,2019-07-09,깐느 황금종려상 감격,12,-0.7104993088517766,계속 영화
8,2019-07-04,영화 상영 전화통화 일삼 늘다 큰소리 대화 나누다 계속 진동 울리다 확인 자리 짜증나다 상황 에서도 집중 보다 영화,89,1.2832516844388684,되어다 예술 그렇다 만들다 자다
6,2019-07-02,그냥 영화 이다,14,-0.6587135687663053,끝나다
8,2019-07-01,봉준호 감독 작품 보다,18,-0.5551420885953627,나오다 기분
6,2019-06-29,자다 모르다 취향,21,-0.47746347846715576,역시 재밌다
8,2019-06-24,냄새 알다 이해 감정 이라 쓰리다 짠하다 슬프다,38,-0.037284687740649684,연출 영화
10,2019-06-23,너무 극단 인데 현실 이라는 차다 재다 보다 대단하다 들다,65,0.6618228034132129,마지막 남다 싶다 장면 충격
6,2019-06-23,살의 추억 플란다스 의개 기대하다 실망하다,32,-0.19264190799706357,뭔가 느낌 받다 많다 좋다
10,2019-06-19,많다 만들다 명작,15,-0.6328206987235696,모든 많이 배우 연기 좋다
9,2019-06-18,계속 생각나다 영화 에요,13,-0.6846064388090409,부자 슬프다 가족 기생충 현실
9,2019-06-18,볼테르 명언 이렇다 아무리 유익하다 이라도 절반 독자 만들다 간다 영화 그러하다 예술 매체 본질 아주 자다 꿰뚫다 관객 다양하다 해석 관점 합치다 저서 구축 되어다 나가다 그렇다 영화 엔딩 아쉽다,139,2.577895186575651,가족 보다 영화
8,2019-06-17,가볍다 시작 무겁다 끝나다,19,-0.5292492185526271,느낌 영화
8,2019-06-17,지하실 나오다 기분 바뀌다,18,-0.5551420885953627,넘다 많이 영화
10,2019-06-15,역시 기대하다 재밌다,15,-0.6328206987235696,관람 기분 이다
9,2019-06-15,카메라 연출 섬세하다 영화,14,-0.6587135687663053,계획 만들다
10,2019-06-14,너무 재미있다 자다 보다 마지막 장면 정확하다 기억 기억 남다 영화 한편 으로는 이렇다 충격 받아들이다 영화 싶다,82,1.102001594139719,연출 주다 싶다 장면
6,2019-06-14,많다 좋다 호응 받다 내겐 뭔가 짜이다 느낌 지우다 어렵다,57,0.4546798430713277,주다
8,2019-06-12,모든 배우 연기 하나같이 좋다 많이 영화 이다,39,-0.011391817697914032,나다
8,2019-06-10,가난 기생충 그려지다 가족 모이다 말다 몰려오다 불안하다 현실 우울하다 지하 살이 이어지다 속이다 상해 버리다 부자 부자 보이다 서다 슬프다 영화,107,1.7493233452081103,장면 무섭다 끄다 슬프다 잔인하다
9,2019-06-10,가족 끼리 보다 영화,16,-0.606927828680834,보다 영화
7,2019-06-10,영화 하녀 살짝 볶다 느낌,15,-0.6328206987235696,맞다 오다 느낌 가다 모르다
4,2019-06-10,넘다 욕심 많이 내다 영화,22,-0.4515706084244201,뭔가 나오다 찝찝하다 보고
8,2019-06-10,관람 왠지 기분 더럽다 이다,20,-0.5033563485098914,없이 야하다 내내 보다 정말
10,2019-06-09,에만 집중 하자 청년 계획 계획 중장 어떻다 만들다 는가,55,0.4028941029858564,나오다 그렇다
5,2019-06-09,다운타임 길다 몰입도 안되다 작위 설정 연출 점철 빛나다 아이디어 몇몇 장면 에만 점수 높다 주다 싶다,64,0.6359299333704772,남다 여운 기분 보다
10,2019-06-09,주다 메세지 인가요,25,-0.3738919982962131,등급 보기
10,2019-06-09,소고기 들어가다 짜파구리 나다 먹다,20,-0.5033563485098914,라는 많이 불쾌하다 찝찝하다 보고
8,2019-06-08,영화 보다 너무 슬프다 무섭다 감정 들다 중간 눈물 나오다 15 치고는 잔인하다 장면 선정 장면 끄다,87,1.231465944353397,맞다 19 15 관람 자다
6,2019-06-08,영화 보다 답답하다 사라지다,23,-0.42567773838168443,지루하다 보다 가다
10,2019-06-08,남편 이랑 영화 보고 토론 오다 콧잔등 찌릿 느낌 오래 가다 울컥 건지다 맞다 시큰하다 건지다 모르다 파워 영화 이다,86,1.2055730743106616,송강호 연기 좋다
8,2019-06-08,피식 피식 거리 웃음 코드 중반 전개 스릴러 근데 뭔가 보고 나오다 찝찝하다,53,0.35110836290038505,보기 기생충 좋다
10,2019-06-08,영화 보다 내내 집중 영화 충격 긴장감 정말 스포 없이 보다 야하다,47,0.19575114264397117,15 관람 가다 좋다 영화
9,2019-06-07,저택 도망치다 나오다 길이 그렇다 멀다 이야,38,-0.037284687740649684,끄다 느낌
10,2019-06-07,보다 여운 길다 남다 기분 찜찜,23,-0.42567773838168443,장르 황금종려상 장면 봉준호 영화
8,2019-06-07,등급 조정 청소년 보기,25,-0.3738919982962131,19 작품 좋다 이다
8,2019-06-07,완성 훌륭하다 영화 라는 분명하다 보고 없어지다 찝찝하다 불쾌하다 주변 영화 그닥 많이 보지 추천,84,1.1537873342251903,지루하다 몰입 내내 보다 기생충
10,2019-06-07,전체 자다 만들어지다 영화 15 관람 보다는 19 맞다,37,-0.06317755778338534,느낌 보다
10,2019-06-06,보다 지루하다 보다 가다,21,-0.47746347846715576,느낌
9,2019-06-06,송강호 기도 좋다 이전 가정 부역 연기 대박 소름,26,-0.3479991282534775,나다 끝나다 찝찝하다 그냥 기분
9,2019-06-06,기생충 보기 좋다 날씨 비다,19,-0.5292492185526271,
8,2019-06-06,영화 좋다 15 관람 가다,21,-0.47746347846715576,계획 되어다 송강호 살다 그렇다
2,2019-06-06,느낌 끄다,12,-0.7104993088517766,
10,2019-06-06,봉준호 장르 정점 이르렀 곱씹다 떠오르다 장면 달라지다 영화 화면 황금종려상 수상작 이라고 뜨다 로고 아름답다,74,0.8948586337978337,보다
10,2019-06-04,19 적당하다 여하튼 상상 굉장하다 좋다 작품 이다,38,-0.037284687740649684,표현 느낌 만들다 봉준호 현실
10,2019-06-04,보다 내내 불편하다 만들다 영화 기발하다 상상력 사다 보내다 택시 운전사 가다 모르다 보다 기생충 전혀 몰입 안되다 지루하다,87,1.231465944353397,장르 한번 재미있다 영화 이다
8,2019-06-04,수상 보다 느낌 다르다,20,-0.5033563485098914,계획 마지막 만들다 좋다
8,2019-06-04,애매 모호 느낌,18,-0.5551420885953627,처럼 가족 살다 불쾌하다 불편하다
8,2019-06-04,그냥 해석 영화 자체 재밌다 끝나다 나다 기분 찝찝하다 수저 보다 나다,58,0.4805727131140633,무섭다 보다
10,2019-06-04,가정부 초인종 누르다 긴장,15,-0.6328206987235696,송강호 남다
9,2019-06-03,지하방 계획 송강호 미리 계획 라고 밑바닥 밑바닥 되어다 간다 그냥 살다 그렇다 유지 목숨 부지,98,1.5162875148234893,스토리 별로 이다
9,2019-06-03,동정 기준 인가,15,-0.6328206987235696,넘다 지루하다 나쁘다 기대 받다
9,2019-06-03,웃다 보다 우울하다,13,-0.6846064388090409,
10,2019-06-03,메타포 가득 편의 자다 만들다 소설 읽다 느낌 결코 유쾌하다 현실 봉준호 감독 만의 방식 표현,62,0.5841441932850059,이고 예술
10,2019-06-03,새롭다 장르 개척 영화 이다 한번 보다 재미있다 영화 오랜,46,0.1698582726012355,싶다 그냥 이다 영화
10,2019-06-03,계획 가장 좋다 계획 인생 계획 근데 마지막 계획 세우다 차다 만들다,56,0.42878697302859203,그렇다 기대 받다 좋다 재밌다
10,2019-06-03,불쾌하다 느껴지다 기택 가족 입성 순간 바퀴벌레 처럼 보이다 그게 현실 살다 닮다 중간 발버둥치다 희망 찾다 불편하다 지다 해보다,134,2.4484308363619727,지루하다 자다 보다
10,2019-06-03,귀신 보다 무섭다,14,-0.6587135687663053,보기 좋다 영화
10,2019-06-03,차다 와중 에도 송강호 메달 챙기다 기억 남다,40,0.014501052344821618,반지하
6,2019-06-02,작위 스토리 별로 이다,14,-0.6587135687663053,쓰다 보다
6,2019-06-02,소재 그닥 나쁘다 지루하다 무난 가다 받다 넘다 기대,62,0.5841441932850059,알다 받다 보다
10,2019-06-02,안보 후회 뻔하다,12,-0.7104993088517766,보다 영화
10,2019-06-02,예술 성과 대중성 이고 근로기준법 완벽,26,-0.3479991282534775,지하철 끝나다 가다 보다 영화
10,2019-06-02,관각 빠져나가다 그냥 감다 무얼 싶다 어서 그냥 영화 전달 메시지 부정 싶다 이다,67,0.7136085434986842,예술 몰입 좋다 보다 영화
7,2019-06-01,좋다 상도 받다 엄청 기대 보다 보다는 재밌다 기도 기도 그렇다 영화 이다,64,0.6359299333704772,스토리 여운 알다 감독 보다
10,2019-06-01,지루하다 자다 보다,14,-0.6587135687663053,
10,2019-06-01,심야 보기 좋다 영화,16,-0.606927828680834,처럼 끄다 냄새
9,2019-06-01,제일 지하 가장 아랫 반지하,35,-0.11496329786885663,만들다 영화 보다 이다 쓰다
10,2019-06-01,추천 쓰다 보다 스포 줄이다,29,-0.2703205181252705,연기 너무
10,2019-05-31,받다 알다 보다,20,-0.5033563485098914,계획 부자 반지하 슬프다 냄새
10,2019-05-31,보다 우울하다 영화,11,-0.7363921788945123,배우 이해 마지막 알다 그렇다
10,2019-05-31,영화 끝나다 지하철 타고 가다 처음 지하철 표정 주의 깊다 보다,46,0.1698582726012355,현실 이다
10,2019-05-31,오랫 영화 몰입 보다 달다 예술 상업 한쪽 으로만 기울다 좋다,44,0.11807253251576422,봉준호 감독
8,2019-05-31,세번 보다 감독 스토리 의도 알다 요소 요소 강하다 메세지 느껴지다 여운 길다 힘드다,65,0.6618228034132129,연출 재밌다
10,2019-05-31,완벽하다 블랙 코미디 웃기다 짓다,21,-0.47746347846715576,계획 마음 오다
10,2019-05-31,시궁창 냄새 비다 지옥 탈출 끄다 결말 고개 끄덕이다 순간 괴롭다 무게 처럼 가슴 짓누르다,92,1.3609302945670754,무섭다 만들다 현실 자다 영화
10,2019-05-31,한국영 화중 가장 재밌다 보다 왠만하다 걸작 영화 보다 밀리 자다 만들다 영화 이다 봉준호 감독 이렇다 좋다 영화 만들다 주다 감사하다 주말 지하 쓰다 친구 보다 가다 정말 대단하다 영화 이다,135,2.4743237064047086,많이 느낌 보다 많다 감독
10,2019-05-31,출연 연기 너무,14,-0.6587135687663053,끄다 불쾌하다 내내 현실 자다
9,2019-05-30,지하방 벗어나다 사업 주식 로또 비트코인 부자 계획 열심히 세우다 계획 발버둥 수록 가난 냄새 점점 짙어지다 간다 반지하 지하 추락 버리다 자본주의 슬프다,140,2.6037880566183866,들다 기생충 이다
10,2019-05-30,보통 영화 그렇다 난해하다 알다 이해 보다 배우 분들 좋다 개인 조여정 배우 강렬하다 마지막 이선균 배우 이다,87,1.231465944353397,역시 봉준호 이다
10,2019-05-30,비현실적 너무나도 현실 이다,19,-0.5292492185526271,역시 봉준호 감독 보다
9,2019-05-30,봉준호 감독 괴롭다 뼛속 울리다 베이스 소리,33,-0.16674903795432794,가족 들다 현실 영화
8,2019-05-30,무겁다 재밌다 연출 굉장하다,24,-0.3997848683389488,슬프다 잔인하다 그렇다 불편하다 이다
10,2019-05-30,계획 계획 마음 오다 닿다,17,-0.5810349586380983,무섭다 잔인하다 장면
10,2019-05-30,아주 리얼 현실 무섭다 풍자 영화 자다 만들다 가슴 갑갑하다,41,0.04039392238755727,장면 이다
9,2019-05-30,메이드 뭐라다 감독 전작 비다 많이 상징 이다 등장 인물 많다 영화 보다 연극 한편 보다 느낌,61,0.5582513232422702,씁쓸하다 현실 자다
10,2019-05-30,보다 내내 불쾌하다 영화 현실 자다 반영 외면 두운 끄다 집다 내다,55,0.4028941029858564,지하철 작품 기생충 너무
9,2019-05-30,양상 다르다 들다 기생충 이다,20,-0.5033563485098914,보기 너무 영화
10,2019-05-30,역시 역시 봉준호 봉준호 이다,20,-0.5033563485098914,보여주다 최고 영화
10,2019-05-30,역시 믿다 보다 봉준호 감독,17,-0.5810349586380983,많다
9,2020-01-31,메이드 가족 비극 영화 현실 관통 뚫다 결코 가볍다 적당하다 무게 상이 들다,62,0.5841441932850059,표현 봉준호 자다 영화 감독
10,2019-12-03,잔인하다 자의 기생 불편하다 그렇다 부인 슬프다 영화 이다,43,0.09217966247302857,역시 봉준호
4,2019-12-03,잔인하다 장면 무섭다,15,-0.6328206987235696,재미있다 영화
10,2019-11-14,내리다 장면 인상 이다,18,-0.5551420885953627,많다 영화 보다
10,2019-11-04,결론 씁쓸하다 현실 자다 반영,25,-0.3738919982962131,많이
10,2019-10-16,기생충 수도 소름 돋다 나르다 바라보다 수도 시선 감지 오늘 지하철 주의 작품 너무 적나라하다 부끄럽다,120,2.0859306557636734,재밌다 보다 영화
4,2019-10-04,너무 찍다 나머지 보기 지치다 영화,27,-0.32210625821074185,작품 이다 마지막 라는 재미
10,2019-09-20,시대 보여주다 최고 영화,16,-0.606927828680834,
9,2019-08-28,많다 내포 잇다,12,-0.7104993088517766,많다 영화
9,2019-08-28,표현 자하 상업 자다 녹이다 봉준호 감독 장점 연하다 드러나다 영화 이다 영화 곳곳 보이다 디테일 감탄,86,1.2055730743106616,그냥
10,2019-08-24,역시 봉준호 필요없다,13,-0.6846064388090409,라는 살다 그냥 자다
10,2019-07-29,재미있다 막히다 상영 자꾸 생각나다 영화,31,-0.21853477803979923,송강호 맞다 모든 배우 정말
8,2019-07-27,상의 후광 벗다 영화 보다 많다 영화 좋아하다,42,0.06628679243029292,보다
9,2019-07-22,많이 기대하다 재다,15,-0.6328206987235696,최고 영화
8,2019-07-11,영화 재밌다 해석 보다 재밌다,25,-0.3738919982962131,불편하다 살다 영화
10,2019-07-10,마지막 작품 구성 놀다 기분 이다 재미 라는 차원 넘어서다 너무 좋다 작품 이다,56,0.42878697302859203,잔인하다 영화
6,2019-07-09,미묘하다 미묘하다,15,-0.6328206987235696,장르 알다 봉준호
10,2019-07-06,많다 담기다 영화,14,-0.6587135687663053,마음
10,2019-07-03,까맣다 고민 중이 라면 그냥 보라,18,-0.5551420885953627,스토리 남다 배우 작품 연기
10,2019-07-03,수저 그냥 수저 살다 죽다 건가 의지 바꾸다 체취 라는 백퍼 공감 밤새 자다,68,0.7395014135414198,
10,2019-06-30,배우 연기 정말 완벽하다 현실 튀어나오다 맞다 입다 키달 라고 외치 잡다 이선균 인디언 추장 모자 쓸다 송강호 표정 모든 해주다,108,1.775216215250846,불편하다 남다 기분 영화
9,2019-06-30,수저 인데 괜히 보다,13,-0.6846064388090409,보다
10,2019-06-25,영화 최고 선역 이자 악역 박서준,27,-0.32210625821074185,충격
6,2019-06-18,불편하다 영화 시작 10분 지나다 입장 척박하다 나라 살다 불편하다 대한민국 아직도 쓰레기,64,0.6359299333704772,나오다 보다
10,2019-06-18,가난하다 불쌍하다 쓰레기 천사 포장 잔인하다 영화,33,-0.16674903795432794,보다 크다 맞다 받다 충격
10,2019-06-15,봉준호 장르 알다,15,-0.6328206987235696,감독 영화
10,2019-06-14,자리 아저씨 중반 눈물 흘리다 마음 울컥,30,-0.2444276480825349,내용 충격 보다 영화
8,2019-06-12,배우 연기 구성 전반 좋다 개인 의견 스토리 전개 무언가 부족함 남다 작품 이다,63,0.6100370633277415,보다 영화
9,2019-06-12,130분 러닝 타임 짧다 느껴지다,22,-0.4515706084244201,라는
9,2019-06-10,웃음 남다 불편하다 미소 영화 불편하다 들이다 아주 오래 갈다 기분,48,0.22164401268670683,최고 여운 그냥 연기
10,2019-06-10,보다 많아지다 마냥 웃기다,23,-0.42567773838168443,크다 나쁘다 기대 기분 영화
2,2019-06-10,충격 공포,13,-0.6846064388090409,모든 살다 보다 자다 영화
8,2019-06-10,엄마 보다 쇼파 나오다 아프다 나가다,28,-0.2962133881680062,송강호 냄새
10,2019-06-09,영화 15 맞다 어리다 너무 아름답다 보고 자르다 커서 보다 크다 충격 받다 영화 어리다 보다 달다 돼다 보다 능동 대처,114,1.9305734355072597,슬프다 장면 충격 관람 이다
6,2019-06-07,감독 영화,11,-0.7363921788945123,불쾌하다 찝찝하다
10,2019-06-07,보다 며칠 지나다 내용 아직도 눈앞 생생하다 충격 영화,41,0.04039392238755727,끝나다 영화
10,2019-06-07,영화 보다,17,-0.5810349586380983,이고 송강호 연기 재미있다 이다
10,2019-06-07,물이 라는 소재 계층 희비극 바뀌다,21,-0.47746347846715576,넘다 냄새 기생충
10,2019-06-06,반전 깊다 여운 높다 완성 빠지다 연기 그냥 최고,44,0.11807253251576422,영화
5,2019-06-06,기대 크다 실망 크다 기분 나쁘다 영화,24,-0.3997848683389488,송강호 야하다 봉준호 보다 영화
10,2019-06-05,영화 보다 리뷰 영상 해석 영상 3일 찾아보다 시대 살다 모든 메세지 보내다 개인 차다 자다 보다,79,1.024322984011512,장르 봉준호 영화
9,2019-06-04,이선균 송강호 바뀌다 상황 똑같다 에게서 냄새 다르다 자본 이라는 종교 광신도 에는 차이,80,1.0502158540542477,송강호 연기 보다
10,2019-06-03,처음 충격 이다 장면 관람 에는 맥락 사무치다 슬프다,49,0.24753688272944246,이야기 만들다 자다 이다
7,2019-06-03,찝찝하다 불쾌하다 40 이라서 런가,23,-0.42567773838168443,지하철 싶다 보고 나오다 내내
9,2019-06-02,영화 끝나다 관객 약속 이라도 오랜 침묵 전율,33,-0.16674903795432794,재밌다
8,2019-06-02,상징 영화 이다 송강호 연기 이고 재미있다,28,-0.2962133881680062,
10,2019-06-01,냄새 넘다 기생충 관대하다 해주 착하다 주인 분들 오늘 하루 안녕하다,58,0.4805727131140633,모르다
10,2019-06-01,많아지다 영화,18,-0.5551420885953627,보고
10,2019-06-01,봉준호 송강호 무조건 보다 야하다 영화,22,-0.4515706084244201,이다 영화
10,2019-05-31,박사 입구 서늘하다 서다 대나무 영화 시작 시한 가슴 이며 웃다 기묘하다 장르 탄생 봉준호 장르,76,0.946644373883305,송강호 봉준호 감독 보다
9,2019-05-31,괴물 보다 송강호 연기 날로 늘다,30,-0.2444276480825349,표현
8,2019-05-30,많아지다 자다 만들다 이야기 이다,22,-0.4515706084244201,그냥 재밌다 보다
10,2019-05-30,보다 내내 심장 두근거리다 극장 나오다 엉뚱하다 지하철 혼란 지하철 개찰구 지하철 특유 냄새 목소리 들리다 다시다 보고 싶다 보고 싶다,120,2.0859306557636734,내내 15 관람 불편하다 보다
10,2023-09-03,와우 재밌다 추천 굿굿,17,-0.5810349586380983,보다 지하철 크다 황금종려상 오다
10,2020-02-18,,3,-0.9435351392363974,알다 그렇다 가다 불편하다 감독
6,2019-08-31,그다지 모르다,10,-0.7622850489372479,
4,2019-07-17,보고 와도 어딘 찜찜하다 구석,20,-0.5033563485098914,반지하 이야기
10,2019-07-11,많아지다 영화 이다,16,-0.606927828680834,맞다 19
10,2019-07-11,믿다 보다 봉준호 감독 송강호 콤비,19,-0.5292492185526271,대단하다 들다 정말 많다 보고
10,2019-07-06,너무나 적나라하다 표현,21,-0.47746347846715576,주다
6,2019-06-29,재밌다 고해 보다 그냥 쏘다 쏘다,16,-0.606927828680834,황금종려상 보다 작품 만들다 자다
6,2019-06-18,글쎄요 보다 내내 불편하다 15 관람 절대,29,-0.2703205181252705,좋다
10,2019-06-16,황금종려상 특히 한국인 만점 짜다 영화 단순 블랙코미디 보다 크다 오산 오는 시퀀스 폭주기관차 달린다 보다 기분 매우 복잡하다 영화관 자리 대다수 지하철 타고 보다 오다,127,2.2671807460628233,재밌다 느끼다 보다
4,2019-06-15,기정 숙의 욕설 억지 부자연스럽다 아버지 기택 불편 한순간 가다 불편하다 감독 의도 인지 궁금하다 개그 코드 너무 살인의추억 괴물 이미 수법 이다 의도 이제 알다 그렇다 재다,121,2.1118235258064093,이해 계획 마지막 송강호 그렇다
7,2019-06-11,캐비어 알밥 지은,16,-0.606927828680834,
5,2019-06-11,글쎄 반지하 물난리 이렇다 20년 이야기,31,-0.21853477803979923,연출 스토리 영화
6,2019-06-10,19 맞다 부모님 보지 말다,20,-0.5033563485098914,충격 영화
10,2019-06-10,연기력 정말 대단하다 영화 보고 많다 들다,39,-0.011391817697914032,크다 기대 너무 이다
10,2019-06-08,박평 식이 주다 설명 충분,27,-0.32210625821074185,이고 없이 이라 별로 들다
10,2019-06-06,오프닝 황금종려상 마크 간지 자다 만들다 보다 덤비다 치다 놓다 영화 보다 취향 떠나다 한국 영화 완성 도달 작품,138,2.5520023165329153,관람 불편하다 영화
10,2019-06-04,집도 저런 비밀 공간 좋다,20,-0.5033563485098914,재미 많다 모르다 보고 기분
9,2019-06-01,재밌다 심오하다 기도 보다 따르다 느끼다 재밌다 보다 니당다,47,0.19575114264397117,불편하다
10,2019-05-31,그렇다 실패하다 나름 계획 보다 예정 폭우 인생 닥치 열심히 보다 누군가 폭우 잃다 누군가 공기 상쾌하다 좋다 불만 쌓이다 송강호 마지막 행동 너무 이해 가다,135,2.4743237064047086,마지막 느끼다 연기
10,2020-02-18,군더더기 영상 진행 뛰어나다 OST,22,-0.4515706084244201,재미
10,2020-02-12,스토리 연출 필요없다 영화,19,-0.5292492185526271,
10,2019-07-17,여러 모로 충격 영화,12,-0.7104993088517766,재미 만들다 자다
8,2019-06-28,너무 기대 크다 이다 허무하다,17,-0.5810349586380983,보기 영화
6,2019-06-10,별로 소문나다 차다 먹다 하진 너무 끝쪽 극단 이고 이라 황당하다 연기자 연기 막히다 없이 들다 15 관람 가다 이랑 보다 황당하다,125,2.215395005977352,
10,2019-06-07,부담 스럽지 관람 점점 부담 스럽게 불편하다 영화,33,-0.16674903795432794,보다
6,2019-06-07,솔직하다 보다 재미 모르다 많다 은하 멀다 볼일 보고 닦다 기분 이드,58,0.4805727131140633,오다
10,2019-06-04,불편하다 연속 인거,12,-0.7104993088517766,살다 좋다 너무
10,2019-06-04,선균 이형 마지막 막다 연기 소름 느끼다 버리다,28,-0.2962133881680062,스토리 내용 재미 너무 이다
4,2019-06-03,티켓 선물 을해 친구 보고오다 재미 틀다 남기다,43,0.09217966247302857,이라 현실
5,2019-06-03,실망 스럽다 수준 인지,19,-0.5292492185526271,송강호 역시 여운 배우 정말
9,2019-05-30,자다 만들다 동시 재미,17,-0.5810349586380983,불편하다
10,2023-06-26,수직 수평 영화 보기 시작 해주다 영화,31,-0.21853477803979923,끄다 만들다 재밌다 영화
10,2020-02-17,재밋엇습니 빗다,12,-0.7104993088517766,모르다
10,2020-02-15,제사 보다,14,-0.6587135687663053,지하철 쓰다 나다 냄새 많다
6,2019-06-26,메세지 그리다 뚜렷하다 오다 닿다,25,-0.3738919982962131,나오다 보고 나다 가다 기분
10,2019-06-11,너무 스스로 기우 이입 좋다 사기 치다 박사 들어가다 열심히 살다 서민 과는 다르다,72,0.8430728937123624,내용 정말 기분
6,2019-06-10,재미 스토리 너무 뻔하다 신선하다 평범하다 내용 이다,39,-0.011391817697914032,맞다 내내 관람 보다
10,2019-06-06,현실 이라 처절하다,12,-0.7104993088517766,
10,2019-05-30,보고 감탄 영화 정말 오랜 깊다 여운 오래 갈다 역시 봉준호 감독 송강호 배우 조합 탁월하다,70,0.7912871536268912,남다 불쾌하다 찝찝하다 15 관람
10,2020-02-12,진실 불편하다 불편하다 적나라하다 마주 진실로 다가오다,37,-0.06317755778338534,모든 최고 이다
8,2019-06-04,재밌다 그치다 조용하다 끄다 만들다 영화,34,-0.14085616791159228,배우 이정은 감독 처럼 남다
2,2019-06-02,도무지 모르다,13,-0.6846064388090409,장르 진짜 관람 봉준호 영화
10,2020-02-14,상업 으로만 보더 라도 너무 재밌다 그리다 고집 돌아오다 지하철 스스로 냄새 나다 신경 쓰다 밀려오다 쓸쓸하다 차다 많다 만들다 훌륭하다 영화 라고,112,1.8787876954217884,정말 만들다 자다 영화
5,2019-06-07,아들 데리 가다 보다 찌다 폭력 게임 보고 나오다 기분 생명 함부로 취급 부잣집 들러붙어 사기 치고 연기자 실력 훌륭하다 보고 나오다 짜증 나다,110,1.827001955336317,정말 만들다 자다 이다 보다
4,2019-06-07,정말 기분 안좋다 내용 억지 설정,20,-0.5033563485098914,기생충
2,2019-06-03,개연 촛점 맞추다 보다 전혀 앞뒤 맞다 관람 내내 억지스럽다 세다 나열 스포일러 생략,76,0.946644373883305,대단하다 기생충 보고
9,2020-02-26,좀더 나이 제한 높이 완벽하다,17,-0.5810349586380983,기생충 영화
1,2019-06-28,불쾌하다 찝찝하다 남다 영화 15 관람 인지,33,-0.16674903795432794,관람 재밌다 보다 영화
10,2020-03-11,모든 최고 이다,8,-0.8140707890227192,보고 좋다 보다
2,2019-06-02,찜찜하다 불쾌감 남다 영화 증발 남자 남아 사고 감독 한계 투명 종이 인형 처럼 주변 소비 여성 배우 연기 빛나다 이정은 배우 발견 기쁨 이다 감독 황금 종료 이정은 배우 에겐 황금 가속,139,2.577895186575651,
10,2019-05-30,관람 영화 진짜 영화 장르 봉준호,37,-0.06317755778338534,감독
10,2025-06-15,정말 자다 만들다 한국 영화 편하다 즐기다,31,-0.21853477803979923,이고 보여주다 마음
10,2025-05-06,보다 정말 깔끔하다 자다 만들다 명작 이다,28,-0.2962133881680062,배우 충격 연기 재미있다 이다
6,2025-05-03,기생충 키링 롯데 시네마 증정 선착순 갑자기 뽑기 형식 바꾸다 아치 그룹,53,0.35110836290038505,
10,2025-04-16,미키 17 보고 나니 기생충 대단하다 보이다,28,-0.2962133881680062,씁쓸하다 보다
10,2024-11-16,기생충 영화 PARASITE 2019,17,-0.5810349586380983,라는 냄새 보다
10,2024-07-08,영화 보다 재밌다 관람,16,-0.606927828680834,보고 기분 좋다 영화
10,2024-04-23,보고 보다 너무나 좋다,20,-0.5033563485098914,주다 그냥 영화
10,2024-04-12,굿굿굿굿굿,10,-0.7622850489372479,스토리
8,2019-10-30,재밋긴 근데 감독 추천,23,-0.42567773838168443,보여주다 현실 영화
8,2019-10-30,현대 모습 아주 단편 이고 픽션 가미 상당하다 극렬하다 보여주다 마음 아프다,53,0.35110836290038505,내용 이해 받다 좋다 영화
9,2019-10-28,충격 이다 배우 연기 재미있다 보다 영화,35,-0.11496329786885663,
9,2019-10-22,자꾸만 상징 찾다 태도 버리다,22,-0.4515706084244201,보다 재미있다 너무 영화
9,2019-10-19,적나라하다 이기심 욕망 파렴치하다 세상 영화로 보다 씁쓸하다,44,0.11807253251576422,재밌다 너무 보다
8,2019-10-16,냄새 라는 괜찮다 메타포 조커 보다 비교 어쩔,45,0.14396540255849988,최고 현실
8,2019-10-06,보고 기분 좋다 영화,11,-0.7363921788945123,마음 알다 현실
9,2019-10-04,영화 리뷰 써다 오백원 돌려주다 심보 그냥 주다,32,-0.19264190799706357,되어다 이다 영화
8,2019-09-19,스토리 탄탄 배역 탄탄 감동 까지는 탄탄,24,-0.3997848683389488,현실 보다
8,2019-09-15,현실 나라 보여주다 영화,21,-0.47746347846715576,관람 자다 재밌다
9,2019-09-14,받다 영화 라고 내용 난해하다 어렵다 내용 이해 쉽다 중간 상치 긴장감 좋다,65,0.6618228034132129,불편하다 영화
10,2019-09-14,허다 하이허 이하이 하이허 커터 터타,15,-0.6328206987235696,
10,2019-09-14,너무 재미있다 보다 영화 보다 보다,26,-0.3479991282534775,넘다
10,2019-09-14,너무 재밌다 보다,14,-0.6587135687663053,기대
10,2019-09-14,차디차다 현실 달콤하다 차가워지다 최고,24,-0.3997848683389488,넘다 슬프다 재밌다 영화
9,2019-09-10,마음 복잡하다 현실 알다 인가,24,-0.3997848683389488,재미있다 보다
9,2019-09-09,영화 에서도 다양하다 시퀀스 존재 되어다 즐겁다 경험 이다,46,0.1698582726012355,알다
9,2019-09-09,보다 현실,12,-0.7104993088517766,영화
8,2019-09-08,재밌다 자다 관람,13,-0.6846064388090409,느끼다 보기 많다 너무 영화
8,2019-09-07,영화 긴장감 넘치다 불편하다 영화,28,-0.2962133881680062,보다 영화
9,2019-09-07,시작 갈림길,13,-0.6846064388090409,가다 모르다 좋다
10,2019-09-07,넘다 수많다 사이 사이 살아가다,35,-0.11496329786885663,역시 씁쓸하다 만들다 영화 좋다
8,2019-09-07,그럭저럭 기대 보다는,19,-0.5292492185526271,처럼 남다 영화
10,2019-09-06,스릴 넘다 흥미진진 슬프다 재밌다 영화,22,-0.4515706084244201,뭔가 남다 한번 여운 영화
10,2019-09-06,재미있다 보다 추천,11,-0.7363921788945123,
6,2019-09-02,알다 제일 안타깝다,36,-0.08907042782612098,뭔가 보다 영화
8,2019-08-31,의미 찾다 영화 반영 영화,32,-0.19264190799706357,영화
8,2019-08-30,보기 너무 많다 감상 영화 원래 의도 느끼다 아쉽다,41,0.04039392238755727,많이 들다 재미있다 보다 영화
10,2019-08-28,긴장감 영화 보다 떼다 요강 추하다,32,-0.19264190799706357,슬프다 내용
8,2019-08-15,가다 모르다 좋다,17,-0.5810349586380983,좋다
10,2019-08-12,계급 보다 만들다 영화 차다 씁쓸하다 몰입도 좋다 역시 잘만 영화,37,-0.06317755778338534,
8,2019-08-10,감정 앙금 처럼 남다 영화,21,-0.47746347846715576,불편하다 영화
8,2019-08-10,뭔가 여운 남다 영화 한번,23,-0.42567773838168443,많이 기대 재밌다
10,2019-08-10,강렬하다 남아,13,-0.6846064388090409,보다 재미있다 자다 영화
8,2019-08-09,보다 잘만 영화 라고 지하 종북세력 이라는 설정 뭔가 정치 적다 만요,58,0.4805727131140633,기생충 감독 좋다
10,2019-08-09,은유 상징 디테일 영화 찾다 영화,35,-0.11496329786885663,보여주다 작품 영화
10,2019-08-09,볼때 재미있다 보다 많이 들다 영화,31,-0.21853477803979923,뭔가 느낌 연기
6,2019-08-06,차다 슬프다 내용,14,-0.6587135687663053,감독
6,2019-08-06,관객 동원 장기간 상영 1000만 관객 채우다 고생 천만 타이틀 따다 좋다 꼼수 박수,65,0.6618228034132129,느낌 가다
6,2019-08-02,별루 마음속 별루,16,-0.606927828680834,연기 자다
8,2019-08-01,많아지다 영화 이네 식구 벌다 위해 물질 부유하다 자리 최선 몰다 위해 벌이다 불법 이나 음모 불편하다,98,1.5162875148234893,모든 기생충 현실 이다
8,2019-07-31,재밌다 기대 많이,16,-0.606927828680834,계속 끄다 없이 계획 송강호
9,2019-07-30,오랜 보다 영화 인데 재미있다 자다 보다,23,-0.42567773838168443,보기 충격 너무
7,2019-07-29,살인 추억 괴물 기생충 감독 사고 치면 아주 크게 치다 좋다,51,0.2993226228149138,보다
8,2019-07-24,캐스팅 긴장감 흥미 스릴 영화 종합예술 보여주다 작품,34,-0.14085616791159228,계획 이다
6,2019-07-23,뭔가 허무하다 느낌 주인공 연기 소름끼치다 완벽,27,-0.32210625821074185,그렇다 싶다 영화 이다
8,2019-07-23,감독 살인의추억 이후 꼽습니,18,-0.5551420885953627,씁쓸하다
8,2019-07-22,가다 얹다 느낌,17,-0.5810349586380983,
8,2019-07-21,찜찜하다 연기 자다 하드,12,-0.7104993088517766,스토리 정말 영화
8,2019-07-21,모든 생활 유도 기생충 현실 이다,23,-0.42567773838168443,
8,2019-07-13,위트 대사 계속 나오다 편하다 수가 아무 계획 없이 살다 대한 송강호 대사 마음 찔리다 사이 끄다 아찔하다 들다 영화 보고 길거리 앉다 노숙인 두렵다,140,2.6037880566183866,알다
8,2019-07-12,너무 충격 결말 청소년 보기 에는,38,-0.037284687740649684,별로 보고 기분 좋다
9,2019-07-02,보다 되게 찌다 찌다,13,-0.6846064388090409,크다 이해 너무
9,2019-06-30,계획 이다,14,-0.6587135687663053,남다 찝찝하다 냄새 영화
10,2019-06-30,그렇다 어떠하다 해결 올바르다 가치관 해석 괴롭다 영화 이다 누군가 에게는 잘살다 싶다 욕망 정의 의지 빈부 대한 분노 추다 정당하다 지피다 위험하다 영화,140,2.6037880566183866,마지막 느끼다 내내 영화
8,2019-06-29,결론 씁쓸하다,12,-0.7104993088517766,쓰다
6,2019-06-29,여러가지 해석 결말 예요,19,-0.5292492185526271,좋다 영화
10,2019-06-27,정말 영화 제목 어울리다 화생 지도 스토리 개재 다시다 선하다 소재,42,0.06628679243029292,나쁘다 기분 표현 몰입 재미
6,2019-06-27,만해 나름,11,-0.7363921788945123,현실
8,2019-06-27,행복 마음먹다 나르다 알다 차원 건가,30,-0.2444276480825349,
7,2019-06-26,보고 나서다 기분 별로 좋다,20,-0.5033563485098914,많다 만들다
8,2019-06-25,이해 너무 크다 건가,17,-0.5810349586380983,되어다 기생충
4,2019-06-25,찝찝하다 남다 영화 냄새 괜히 맡다 수위 조절 실패하다,40,0.014501052344821618,정말 기생충 이다
8,2019-06-25,아래 구분 짓다 경계 아슬아슬하다 줄타기 영화 내내 느껴지다 마지막 무기 느끼다,54,0.3770012329431207,재밌다 너무 영화
9,2019-06-24,돌아오다 리뷰 쓰다 감정 주체 노트북 덮다,46,0.1698582726012355,대단하다 봉준호 감독
8,2019-06-24,22 해주다 영화 좋다,19,-0.5292492185526271,재밌다 영화
10,2019-06-23,기분 나쁘다 재미있다 불평등 표현 장면 기분 나쁘다 몰입 만들다 재미,53,0.35110836290038505,쓰다 뭔가 모르다 보다
10,2019-06-23,갈망 원하다 대한 욕심 가로 잃어버리다 참담하다 현실,59,0.506465583156799,재밌다 보다
10,2019-06-23,재밋음 다재 밋음,11,-0.7363921788945123,만들다 계속 계획 뭔가 살다
9,2019-06-23,많다 만들다 영화인 추천,30,-0.2444276480825349,장르 라는 봉준호 영화
10,2019-06-23,세상 기생충 숙주 되어다,18,-0.5551420885953627,한번 싶다 가다 모르다 만들다
9,2019-06-22,정말 기생충 이다,15,-0.6328206987235696,좋다 영화
10,2019-06-22,선택 영화 너무 재밌다,16,-0.606927828680834,이야기 영화
10,2019-06-22,기발하다 봉준호 감독 대단하다,19,-0.5292492185526271,
10,2019-06-22,오묘하다 감성 영화 재밌다,19,-0.5292492185526271,예술 봉준호 영화 보다
8,2019-06-22,끝없이 내려가다 계단 마음속 어딘가 묵직하다 뭔가 모르다 쓰다 쓰다 아버지 보다 민망하다 순간,81,1.0761087240969833,좋다 영화
8,2019-06-22,재밌다 보다 로는 만점,24,-0.3997848683389488,이정은 배우
8,2019-06-21,보다 내내 킥킥 거리 만들다 즐거움 뭔가 찝찝하다 기분 계속 들다 만들다 계획 어떻다 살다 겠다,97,1.4903946447807537,보다 영화
10,2019-06-21,예상 서사 전개 정확하다 계산 의하다 서사 효과 단순하다 결말 깊다 성찰 요구 결말 웃음 긴장 비판 성찰 유발 봉준호 라는 장르 영화,98,1.5162875148234893,등급
10,2019-06-21,가다 모르다 보다 영화 진심 한번 보고 싶다 만들다 영화,39,-0.011391817697914032,등급 15
8,2019-06-21,아깝다 영화 영상 미가 특히 좋다,30,-0.2444276480825349,반지하 알다 보다
10,2019-06-21,속이다 쓰리다 영화 친절하다 쉬다 어렵다 이야기 전달 영화,36,-0.08907042782612098,정말 이다 영화
10,2019-06-21,미제 인디언 텐트,16,-0.606927828680834,마음 내내 보다
10,2019-06-21,예술 영화 묵직하다 오락 영화 유쾌하다 공존 믿다 보다 봉준호,40,0.014501052344821618,재미 받다
10,2019-06-21,오랜 좋다 영화,12,-0.7104993088517766,마지막 이야기 현실 너무
8,2019-06-21,배우 이정은 발견,13,-0.6846064388090409,만들다 영화
9,2019-06-21,보다 쫄려 보다 영화,18,-0.5551420885953627,너무 알다 자다 보다 영화
10,2019-06-20,등급 조절 필요하다,19,-0.5292492185526271,역시
8,2019-06-20,등급 올리다 15 세다,20,-0.5033563485098914,현실 처럼 계속 예술 이해
9,2019-06-19,반지하 제일 아래 알다 내려가다 보다 지하도,32,-0.19264190799706357,기생충
10,2019-06-19,완벽하다 영화 이다 정말,14,-0.6587135687663053,충격 이다 영화
9,2019-06-19,보다 내내 마음 이며 보다,17,-0.5810349586380983,연출 장면 영화 감독
8,2019-06-18,영화제 상도 받다 재미,20,-0.5033563485098914,지루하다 좋다
8,2019-06-18,너무 현실 이야기 일어나다 믿다 마지막,38,-0.037284687740649684,무섭다 맞다 살다 냄새
10,2019-06-18,만들다 영화,14,-0.6587135687663053,오다 보다
10,2019-06-18,너무 너무 재다 자다 보다 차다 많아지다 영화 중간 너무 쫄깃쫄깃 심장 터지다 알다,62,0.5841441932850059,장르
10,2019-06-17,역시 대왕 카스테라,15,-0.6328206987235696,재미있다 자다 너무 보다
8,2019-06-17,현실 생활 발생 너무 끔찍하다 사건 예술 작품 이라 이해 매우 신선하다 영화 라고 영화 모든 비교 상징 표현 처럼 보고 나서다 계속 현실 또는 상상 머리 마구 떠돌아다니다,140,2.6037880566183866,좋다 내용 영화
8,2019-06-17,살인의추억 마더 괴물 기생충,15,-0.6328206987235696,찝찝하다 재미있다 영화
6,2019-06-16,충격 영화 이다,11,-0.7363921788945123,가족 쓰다 되어다 이다
8,2019-06-16,정원 파티 장면 리얼리티 아쉽다 영화 연출 시선 영화 감독 메세지,57,0.4546798430713277,예술 몰입 여운 영화 너무
9,2019-06-16,좋다 은근 지루하다,16,-0.606927828680834,넘다
10,2019-06-16,디테 일면 인정 지하 냄새 살다 열등감 맞다 떨어지다 현상 결코 팩트 엄청 무섭다,81,1.0761087240969833,맞다 내용 19 장면 냄새
10,2019-06-16,오다 보다 재다,12,-0.7104993088517766,
8,2019-06-16,갑자기 장르 가바 끼다 놀람 이건 불다,27,-0.32210625821074185,재밌다 영화
10,2019-06-15,너무 재미있다 자다 보다,15,-0.6328206987235696,이고 씁쓸하다 충격
10,2019-06-15,좋다 좋다 내용 곱씹다 곱씹다 많아지다 영화,43,0.09217966247302857,들다 많다 너무 영화
8,2019-06-15,재미있다 찝찝하다 영화,11,-0.7363921788945123,
10,2019-06-14,변기 빨다 내려가다 향해 내려가다 가족 모습 인상 이다 똥물 뒤지다 쓰다 되어다 가족,67,0.7136085434986842,마지막 오다 보다
10,2019-06-14,흥행 예술 겸비 영화 너무 몰입 보다 인지 여운 후유증 남기다 영화,45,0.14396540255849988,느끼다 그렇다
10,2019-06-14,넘다 가장 싫다 한다는 사결 에는 넘다 버리다 선희,49,0.24753688272944246,씁쓸하다 보기 충격 15 현실
8,2019-06-13,영화 보다 19 줄알 깜짝 놀래다 내용 맞다 뜬금 장면 엇다 당황 스럽다 냄새 향수 챙기다 다니다,61,0.5582513232422702,등급 불편하다 영화
8,2019-06-13,인생 행복하다 살수 해결 행복 기준 잡다 에서부터 시작,47,0.19575114264397117,잔인하다 느낌 들다 영화
8,2019-06-13,중후 까진 재밌다 결말 호불호 갈리다 영화,24,-0.3997848683389488,충격 영화
7,2019-06-13,충격 이고 씁쓸하다 블랙코미디,18,-0.5551420885953627,기생충 내용
7,2019-06-10,많다 들다 영화 이기다 너무 이슈,30,-0.2444276480825349,별로 잔인하다 기분 재밌다
6,2019-06-10,무기,10,-0.7622850489372479,연출 라는 장면 좋다
8,2019-06-10,오는 오다 보다 마지막 분땜 멍하다,28,-0.2962133881680062,
7,2019-06-09,그렇다 메다 스릴러 느끼다,27,-0.32210625821074185,재미 재밌다
8,2019-06-07,초반 가볍다 가다가 후반 갈수록 무겁다 15 보기 충격 적다 씁쓸하다 현실 비현실적 모습,65,0.6618228034132129,없이 보다
8,2019-06-07,난해하다 불편하다 영화 한가지 등급 조정은 시급하다 보이다,40,0.014501052344821618,최고 받다 감독 보다 영화
9,2019-06-07,잔인하다 보다는 행동 소름끼치다 느낌 들다 영화,32,-0.19264190799706357,야하다 마음 내내 싶다 보다
10,2019-06-07,여러가지 충격 적다 영화,16,-0.606927828680834,부자
10,2019-06-07,새롭다 기생충 기존 기생충 서로 죽다 이며 싸우다 숙주 죽이다 마는 내용,48,0.22164401268670683,씁쓸하다 현실
8,2019-06-07,재밌다 기분 별로 굳이 잔인하다,38,-0.037284687740649684,싶다 보고
6,2019-06-07,연출 좋다 중간 중간 굳이 라는 장면 몇개,31,-0.21853477803979923,재밌다 이다
9,2019-06-06,아귀 다툼 벌어지다 현세 지옥,16,-0.606927828680834,기분 보다 영화
5,2019-06-06,재밌다 재미 점수,12,-0.7104993088517766,
9,2019-06-06,보다 없이 웃다 끼다 이나,38,-0.037284687740649684,
7,2019-06-06,룰라 어메 리칸 개그 블렉 코미디 서양 관점 평가 받다 개인 으론 감독 영화 최고 보다,66,0.6877156734559485,
6,2019-06-06,무겁다 영화 이다 15 불로 바꾸다 야하다 싶다 보다 내내 지모 불안하다 마음 보다 평점 낮다 드리다,83,1.1278944641824546,기분
10,2019-06-06,부자 라서 착하다 구김살 다림질 쫘악 해주 니까,34,-0.14085616791159228,부자 쓰다 보여주다 느끼다 살다
8,2019-06-06,씁쓸하다 현실 이네,12,-0.7104993088517766,불편하다 보다
10,2019-06-06,재밋엇어 보고 싶다,13,-0.6846064388090409,끄다 맞다 보다
10,2019-06-06,행복 나누다 재밌다 강추 이다,30,-0.2444276480825349,영화
8,2019-06-06,보다 기분 이상하다 영화,17,-0.5810349586380983,보다 영화
8,2019-06-06,20,11,-0.7363921788945123,많이 남다 여운 이다 영화
8,2019-06-05,취향 따르다 호불호,14,-0.6587135687663053,이정은 예술 배우 정말 모르다
8,2019-06-05,보다는 실망,17,-0.5810349586380983,기분 좋다
9,2019-06-05,기분 모호하다,21,-0.47746347846715576,찝찝하다 너무 보다 영화
8,2019-06-03,부자 살다 삶다 언어 쓰다 자체 다르다 아무 리노 올라가다 그거 보여주다 느끼다,55,0.4028941029858564,정말 보다 들다 기분 재밌다
10,2019-06-03,메타포 보다 직설 더욱 불편하다,24,-0.3997848683389488,느끼다 크다 장르 최고 재미
10,2019-06-03,보다 맞다 소주 끄다,21,-0.47746347846715576,보고 마음 나오다
10,2019-06-03,멀다 색다르다 영화 블랙코미디,15,-0.6328206987235696,오다 연기 보다
10,2019-06-03,공감 스펙트럼 넓다 영화 흥행 보다 색다르다 전개 즐겁다,38,-0.037284687740649684,정말 재미있다
10,2019-06-03,훌륭하다 영화 이다 여운 많이 남다,21,-0.47746347846715576,만들다 영화
8,2019-06-03,예술 조예 깊다 자다 모르다 정말 기괴하다 처참하다 세상 모순 빛과 어둠 경계 관객 스스로 읽다 만들다 이정은 배우 영화로 좋다 결과 보다 바라다,140,2.6037880566183866,뭔가 보다
8,2019-06-03,찜찜하다 기분 들어서다 개인 좋다,31,-0.21853477803979923,예술 봉준호 감독 영화
8,2019-06-03,보다 너무 찝찝하다 영화,13,-0.6846064388090409,이다 보다 영화
10,2019-06-03,정말 정말 재밌다 보다 괜히 보다 기분 들다 영화,29,-0.2703205181252705,처럼 살다
8,2019-06-03,장르 영화로 느끼다 재미 크다 변환 생기다 지점 아이디어 느끼다 시기 개봉 영화 최고 라고 아주 재미있다 보다 영화,95,1.4386089046952824,이고 슬프다 봉준호 현실 이다
10,2019-06-03,가볍다 보고 나오다 감상 읽다 보고 마음 무거워,28,-0.2962133881680062,연출 자다
8,2019-06-03,보다 새롭다 오다 닿다 듯이 정은 연기 놀랍다,40,0.014501052344821618,계획 송강호 오다 살다 너무
9,2019-06-03,정말 재미있다,10,-0.7622850489372479,재밌다 영화
8,2019-06-02,가슴 울리다 감동 갓길 가슴 덩이 얹히다 얹히다 무게 측정 만들다 영화 와나 차다 무겁다,72,0.8430728937123624,모르다
8,2019-06-02,재다 보다 뭔가 찌다 찌다,20,-0.5033563485098914,봉준호 감독
10,2019-06-02,봉준호 감독 새롭다 예술 영화,20,-0.5033563485098914,영화
8,2019-06-02,처음 웃다 보다 점점 우울하다 영화 이다,27,-0.32210625821074185,만들다 영화
8,2019-06-02,정물 처럼 살다 안타깝다,19,-0.5292492185526271,보기
10,2019-06-02,이고 슬프다 현실 풍자 이며 섬세하다 봉준호 다운 영화 이다,34,-0.14085616791159228,스토리 가다 모르다 보다
9,2019-06-02,연출 이란 이렇다 이구나 제목 정말로 자다 지다,34,-0.14085616791159228,장르 봉준호
10,2019-06-02,박서준 나비효과 송강호 계획 대사 너무 오다 닿다 끊임없다 계획 살다,51,0.2993226228149138,감독 보다 영화
8,2019-06-02,매우 재밌다 영화 후반 부로 갈수록 우울하다,23,-0.42567773838168443,재미있다 보다
8,2019-06-02,왠지 모르다 조여정 매력 흠뻑 빠지다,26,-0.3479991282534775,많다 영화
9,2019-06-02,봉준호 감독 리스 펙트,14,-0.6587135687663053,보다 영화
10,2019-06-02,상업 으로도 훌륭하다 영화,13,-0.6846064388090409,크다 재밌다 보다
9,2019-06-02,만들다 풍자 영화,13,-0.6846064388090409,잔인하다 재밌다 너무
10,2019-06-02,재밋어 학생 보기,20,-0.5033563485098914,이정은 진짜 연기
8,2019-06-02,가다 모르다 보다 상치 스토리 흐름,37,-0.06317755778338534,기분
10,2019-06-02,장르 봉준호,11,-0.7363921788945123,
10,2019-06-02,감독 천재 엿보다 영화 보다 시선 따르다 달라짐,37,-0.06317755778338534,영화 느끼다 느낌 기생충 재미있다
8,2019-06-02,재미있다 근데 보다 잔인,37,-0.06317755778338534,봉준호 감독
10,2019-06-02,많다 영화,13,-0.6846064388090409,마음 영화
10,2019-06-02,애쓰다 외면 날다 사로자다 패닉 근래 이렇다 영화 보다 확신,69,0.7653942835841555,무섭다 슬프다 충격 보다
8,2019-06-01,크다 대안 보다 재밌다,16,-0.606927828680834,보다
8,2019-06-01,재밌다 막판 너무 잔인하다,18,-0.5551420885953627,현실 영화 이야기 씁쓸하다 들다
10,2019-06-01,연기 개다 진짜 이정은,19,-0.5292492185526271,뭔가 불편하다 만들다 자다 영화
10,2019-06-01,기분 더럽다 재밋어,16,-0.606927828680834,진짜
9,2019-06-01,가난 수치 명예 절대,25,-0.3738919982962131,부자 내내 보다 영화
10,2019-06-01,기생충 영화 보고 자다 묘사 읽다 느끼다 영화 지나가다 너무나도 친절하다 영화 보다 읽다 느낌 보시 재미있다,101,1.5939661249516963,
8,2019-06-01,봉준호 감독 예리하다 질타,15,-0.6328206987235696,만들다 보고 영화
10,2019-06-01,마음 무거워 지는 영화,14,-0.6587135687663053,황금종려상 이야기 많다 영화 보다
8,2019-06-01,슬프다 무섭다 가슴 두근거리다 번은 보다 충격,35,-0.11496329786885663,몰입 재밌다 보다
10,2019-06-01,보다 상황 돌이키다 보다,21,-0.47746347846715576,이다 크다 황금종려상 기대 만들다
10,2019-06-01,두운 현실 유쾌하다 대화 영화 인물 상황 통해 조명 해주다 영화 니까 이야기 겠다 영화 보다 잔혹하다 현실 대한 뉴스 주변 모습 떠오르다 씁쓸하다 들다,126,2.2412878760200874,연출 느낌 봉준호
8,2019-06-01,영화 자다 만들다 뭔가 불편하다 일어난다,25,-0.3738919982962131,보고 보다
10,2019-06-01,꿀잼 확실 반전 진짜,15,-0.6328206987235696,반지하 살다
10,2019-06-01,초반 부자 우루루 침투 과정 황당 스럽게 느껴지다 스릴러 영화 화보 내내 긴장 보다,75,0.9207515038405694,재미있다 보다
10,2019-06-01,재다 반전 소름 쩔다,12,-0.7104993088517766,그렇다 이다
8,2019-06-01,영화 보고 머리 속이다 복잡하다 고르다 만들다 영화,41,0.04039392238755727,냄새
10,2019-06-01,황금종려상 수상작 다운 놀랍다 영화 보다 많다 이야기 나누다 영화,59,0.506465583156799,
10,2019-06-01,재밌다 몰입 보다,15,-0.6328206987235696,
8,2019-06-01,황금종려상 수상작 너무 크다 기대 보다 이다 취향 괜찮다 만들다 영화 이다,65,0.6618228034132129,
8,2019-06-01,봉준호 스타일 이라는 느낌 분위기 연출,21,-0.47746347846715576,
10,2019-06-01,평점 보고 고민 보다,22,-0.4515706084244201,
10,2019-06-01,어리다 반지하 살다 입장,20,-0.5033563485098914,
10,2019-06-01,2시간 훌쩍 지나가다 재미있다 보다,22,-0.4515706084244201,
10,2019-06-01,이란 농담 이다 그렇다 살아가다,34,-0.14085616791159228,
8,2019-06-01,직업 바뀌다 빠지다 퀴퀴하다 냄새,33,-0.16674903795432794,
